,TRANSMITTER,DETECTEDID,DATETIME,X,Y,D,LAT,LON,n,HPE,HPEm,TEMP,DEPTH,ACCEL,DRX,URX
60189,Off_E,A69-1601-62004,5/21/2020 0:04,4788.27,5097.77,6.096,34.39997,-119.551511,3,3.2,3.2,,,,In_D Off_D Off_E Off_F PB,In_D Off_D Off_F PB
60190,Off_C,A69-1601-62644,5/21/2020 0:05,4203.64,5688.45,7.62,34.405295,-119.557869,1,5.0,1.7,,,,Off_B Off_C Off_D OS2,Off_B Off_D OS2
60194,Ref01,A69-1601-65105,5/21/2020 0:08,4717.59,4980.25,9.144,34.398911,-119.552279,9,4.0,3.0,,,,In_D In_E In_F Off_B Off_D Off_E Off_F OS2 PB,In_D In_F Off_D Off_E Off_F OS2
60204,Off_E,A69-1601-62004,5/21/2020 0:13,4789.54,5097.33,6.096,34.399966,-119.551497,3,3.2,4.3,,,,In_D Off_D Off_E Off_F PB,In_D Off_D Off_F PB
60208,Off_C,A69-1601-62644,5/21/2020 0:16,4203.08,5689.01,7.62,34.4053,-119.557875,1,3.7,1.0,,,,In_C Off_B Off_C Off_D,In_C Off_B Off_D
60209,Ref01,A69-1601-65105,5/21/2020 0:17,4718.91,4979.85,9.144,34.398907,-119.552265,8,3.8,4.1,,,,In_D In_E Off_C Off_D Off_E Off_F OS2 PB,In_D Off_C Off_D Off_E Off_F OS2
60217,Off_E,A69-1601-62004,5/21/2020 0:23,4785.59,5095.92,6.096,34.399954,-119.55154,9,2.8,0.3,,,,In_D In_E Off_D Off_E Off_F PB,In_D In_E Off_D Off_F PB
60220,Ref01,A69-1601-65105,5/21/2020 0:27,4719.53,4981.93,9.144,34.398926,-119.552258,2,8.6,5.6,,,,In_C Off_C Off_D Off_F PB,In_C Off_C Off_F PB
60226,Off_E,A69-1601-62004,5/21/2020 0:34,4783.98,5096.83,6.096,34.399962,-119.551557,4,3.1,1.6,,,,In_D In_E Off_D Off_E PB,In_D In_E Off_D PB
60229,In_D,A69-1601-62005,5/21/2020 0:35,5023.67,5467.98,6.705,34.403308,-119.548951,6,3.4,1.2,,,,In_D In_E Off_C Off_D Off_E OS2,In_E Off_C Off_D Off_E OS2
60231,Off_C,A69-1601-62644,5/21/2020 0:35,4201.3,5687.71,7.62,34.405288,-119.557895,7,3.4,1.6,,,,In_B In_D Off_B Off_C Off_D OS2,In_B In_D Off_B Off_D OS2
60233,In_B,A69-1601-62002,5/21/2020 0:38,4188.35,6253.77,6.096,34.410391,-119.558036,1,4.4,0.9,,,,In_B In_C Off_B OS1,In_C Off_B OS1
60234,Ref01,A69-1601-65105,5/21/2020 0:38,4715.87,4980.08,9.144,34.398909,-119.552298,8,3.9,1.6,,,,In_D In_E Off_C Off_D Off_E Off_F OS2 PB,In_D Off_C Off_D Off_E Off_F OS2
60238,Off_E,A69-1601-62004,5/21/2020 0:43,4785.38,5097.25,6.096,34.399966,-119.551542,3,3.2,1.0,,,,In_D Off_D Off_E Off_F PB,In_D Off_D Off_F PB
60239,Off_C,A69-1601-62644,5/21/2020 0:45,4202.24,5689.7,7.62,34.405306,-119.557885,1,5.3,0.6,,,,In_C Off_B Off_C OS2,In_C Off_B OS2
60240,In_D,A69-1601-62005,5/21/2020 0:45,5025.38,5468.56,6.705,34.403313,-119.548932,1,4.1,2.3,,,,In_D In_E Off_E OS2,In_E Off_E OS2
60242,Ref01,A69-1601-65105,5/21/2020 0:48,4713.13,4976.61,9.144,34.398878,-119.552328,6,4.7,2.8,,,,In_D In_E In_F Off_C Off_D Off_E Off_F OS2 PB,In_F Off_C Off_D Off_E Off_F OS2
60247,Off_E,A69-1601-62004,5/21/2020 0:54,4784.35,5096.44,6.096,34.399958,-119.551553,9,2.8,1.1,,,,In_D In_E Off_D Off_E Off_F PB,In_D In_E Off_D Off_F PB
60250,In_D,A69-1601-62005,5/21/2020 0:55,5023.78,5466.75,6.705,34.403297,-119.548949,4,3.5,0.2,,,,In_D In_E Off_D Off_E OS2,In_E Off_D Off_E OS2
60254,Ref01,A69-1601-65105,5/21/2020 0:58,4713.67,4977.5,9.144,34.398886,-119.552322,6,4.7,1.8,,,,In_D In_E In_F Off_C Off_D Off_E Off_F OS2 PB,In_F Off_C Off_D Off_E Off_F OS2
60261,Off_E,A69-1601-62004,5/21/2020 1:03,4783.27,5095.53,6.096,34.39995,-119.551565,9,2.8,2.3,,,,In_D In_E Off_D Off_E Off_F PB,In_D In_E Off_D Off_F PB
60263,Off_C,A69-1601-62644,5/21/2020 1:05,4202.84,5689.16,7.62,34.405301,-119.557878,1,4.7,0.7,,,,In_B Off_B Off_C Off_D,In_B Off_B Off_D
60265,Ref01,A69-1601-65105,5/21/2020 1:08,4714.97,4978.29,9.144,34.398893,-119.552308,8,3.9,0.5,,,,In_C In_D In_E Off_C Off_D Off_E Off_F OS2 PB,In_D Off_C Off_D Off_E Off_F OS2
60267,In_B,A69-1601-62002,5/21/2020 1:09,4188.6,6252.84,6.096,34.410383,-119.558034,1,4.4,0.4,,,,In_B In_C Off_B OS1,In_C Off_B OS1
60271,Off_E,A69-1601-62004,5/21/2020 1:14,4784.55,5095.78,6.096,34.399952,-119.551551,4,4.7,1.0,,,,In_D In_E Off_E Off_F PB,In_D In_E Off_F PB
60272,In_D,A69-1601-62005,5/21/2020 1:14,5024.82,5466.65,6.705,34.403296,-119.548938,1,4.1,0.8,,,,In_D In_E Off_E OS2,In_E Off_E OS2
60273,Off_C,A69-1601-62644,5/21/2020 1:16,4202.51,5689.0,7.62,34.4053,-119.557882,4,3.3,0.4,,,,In_C Off_B Off_C Off_D OS2,In_C Off_B Off_D OS2
60277,Ref01,A69-1601-65105,5/21/2020 1:19,4712.71,4976.87,9.144,34.39888,-119.552332,5,5.1,3.0,,,,In_C In_D In_E In_F Off_B Off_C Off_D Off_E Off_F OS2 PB,In_F Off_C Off_D Off_E Off_F OS2
60278,In_B,A69-1601-62002,5/21/2020 1:20,4188.54,6252.99,6.096,34.410384,-119.558034,4,3.7,0.4,,,,In_B In_C Off_B Off_C OS1,In_C Off_B Off_C OS1
60282,Off_E,A69-1601-62004,5/21/2020 1:24,4782.33,5093.82,6.096,34.399935,-119.551575,9,3.1,3.9,,,,In_D In_E Off_D Off_E Off_F OS2 PB,In_D In_E Off_D Off_F OS2
60284,In_D,A69-1601-62005,5/21/2020 1:25,5022.86,5467.14,6.705,34.4033,-119.548959,4,3.5,1.2,,,,In_D In_E Off_D Off_E OS2,In_E Off_D Off_E OS2
60285,Off_C,A69-1601-62644,5/21/2020 1:25,4202.69,5688.82,7.62,34.405298,-119.55788,1,3.7,0.6,,,,In_C Off_B Off_C Off_D,In_C Off_B Off_D
60289,Ref01,A69-1601-65105,5/21/2020 1:30,4713.8,4978.0,9.144,34.398891,-119.552321,5,5.0,1.4,,,,In_D In_F Off_C Off_D Off_E Off_F OS2 PB,In_F Off_C Off_D Off_E Off_F OS2
60290,In_B,A69-1601-62002,5/21/2020 1:30,4186.93,6251.99,6.096,34.410375,-119.558052,2,4.3,1.5,,,,In_B In_C Off_A Off_B OS1,In_C Off_A Off_B OS1
60295,Off_E,A69-1601-62004,5/21/2020 1:34,4782.72,5094.88,6.096,34.399944,-119.551571,9,2.8,3.0,,,,In_D In_E Off_D Off_E Off_F PB,In_D In_E Off_D Off_F PB
60299,Ref01,A69-1601-65105,5/21/2020 1:41,4712.75,4977.07,9.144,34.398882,-119.552332,9,3.9,2.8,,,,In_D In_E Off_C Off_D Off_E Off_F OS2 PB,In_D Off_C Off_D Off_E Off_F OS2
60302,Off_E,A69-1601-62004,5/21/2020 1:44,4782.67,5095.02,6.096,34.399946,-119.551572,9,2.8,3.0,,,,In_D In_E Off_D Off_E Off_F PB,In_D In_E Off_D Off_F PB
60303,Off_C,A69-1601-62644,5/21/2020 1:44,4203.32,5689.05,7.62,34.4053,-119.557873,4,3.3,1.2,,,,In_C Off_B Off_C Off_D OS2,In_C Off_B Off_D OS2
60305,In_D,A69-1601-62005,5/21/2020 1:45,5014.78,5463.58,6.705,34.403268,-119.549047,3,6.0,9.8,,,,In_D Off_C Off_D Off_E OS2 PB,Off_C Off_D Off_E OS2 PB
60308,In_B,A69-1601-62002,5/21/2020 1:51,4187.96,6252.67,6.096,34.410381,-119.55804,1,4.4,0.3,,,,In_B In_C Off_B OS1,In_C Off_B OS1
60310,Ref01,A69-1601-65105,5/21/2020 1:52,4714.22,4979.47,9.144,34.398904,-119.552316,7,4.7,1.0,,,,In_C In_D In_E In_F Off_C Off_D Off_E Off_F OS2 PB,In_F Off_C Off_D Off_E Off_F OS2
60313,In_D,A69-1601-62005,5/21/2020 1:55,5022.2,5466.44,6.705,34.403294,-119.548967,1,6.0,1.8,,,,In_D In_E Off_D Off_E,In_E Off_D Off_E
60314,Off_E,A69-1601-62004,5/21/2020 1:55,4781.94,5094.49,6.096,34.399941,-119.551579,3,3.2,3.9,,,,In_D Off_D Off_E Off_F PB,In_D Off_D Off_F PB
60322,Ref01,A69-1601-65105,5/21/2020 2:03,4714.17,4978.61,9.144,34.398896,-119.552317,9,3.8,0.8,,,,In_D In_E Off_C Off_D Off_E Off_F OS2 PB,In_D Off_C Off_D Off_E Off_F OS2
60323,Off_C,A69-1601-62644,5/21/2020 2:03,4202.55,5688.75,7.62,34.405298,-119.557881,7,3.0,0.6,,,,In_B In_C Off_A Off_B Off_C Off_D,In_B In_C Off_A Off_B Off_D
60326,In_D,A69-1601-62005,5/21/2020 2:05,5023.37,5466.28,6.705,34.403292,-119.548954,4,3.5,0.8,,,,In_D In_E Off_D Off_E OS2,In_E Off_D Off_E OS2
60327,Off_E,A69-1601-62004,5/21/2020 2:06,4781.84,5095.96,6.096,34.399954,-119.551581,1,3.6,3.6,,,,In_D Off_D Off_E PB,In_D Off_D PB
60331,In_B,A69-1601-62002,5/21/2020 2:11,4186.94,6253.18,6.096,34.410386,-119.558052,1,6.8,1.3,,,,In_B Off_B Off_C OS1,Off_B Off_C OS1
60332,Off_C,A69-1601-62644,5/21/2020 2:12,4203.6,5691.61,7.62,34.405323,-119.55787,4,3.3,2.9,,,,In_C Off_B Off_C Off_D OS2,In_C Off_B Off_D OS2
60333,Ref01,A69-1601-65105,5/21/2020 2:13,4713.48,4977.6,9.144,34.398887,-119.552324,11,3.7,1.9,,,,In_C In_D In_E Off_D Off_E Off_F OS2 PB,In_D In_E Off_D Off_E Off_F OS2
60334,Off_A,A69-1601-62648,5/21/2020 2:14,3483.75,6126.92,6.4,34.409247,-119.5657,1,6.5,1.7,,,,In_A Off_A Off_B Off_C OS1,In_A Off_B OS1
60336,In_D,A69-1601-62005,5/21/2020 2:15,5022.78,5469.86,6.705,34.403325,-119.54896,1,6.1,3.3,,,,In_D In_E Off_D Off_E,In_E Off_D Off_E
60337,Off_E,A69-1601-62004,5/21/2020 2:16,4781.85,5094.57,6.096,34.399941,-119.551581,3,3.2,3.9,,,,In_D Off_D Off_E Off_F PB,In_D Off_D Off_F PB
60342,Off_A,A69-1601-62648,5/21/2020 2:23,3481.5,6126.56,6.4,34.409243,-119.565724,1,6.5,0.6,,,,In_A Off_A Off_B OS1,In_A Off_B OS1
60343,Ref01,A69-1601-65105,5/21/2020 2:23,4713.75,4977.75,9.144,34.398888,-119.552321,9,4.0,1.6,,,,In_D In_E In_F Off_D Off_E Off_F OS2 PB,In_D In_F Off_D Off_E Off_F OS2
60347,Off_E,A69-1601-62004,5/21/2020 2:26,4783.22,5095.48,6.096,34.39995,-119.551566,8,3.0,2.3,,,,In_E Off_D Off_E Off_F OS2 PB,In_E Off_D Off_F OS2 PB
60348,In_B,A69-1601-62002,5/21/2020 2:30,4186.62,6252.62,6.096,34.410381,-119.558055,1,6.8,1.6,,,,In_B Off_B Off_C OS1,Off_B Off_C OS1
60350,Off_A,A69-1601-62648,5/21/2020 2:32,3482.11,6126.79,6.4,34.409246,-119.565718,1,6.5,0.2,,,,In_A Off_A Off_B OS1,In_A Off_B OS1
60352,Ref01,A69-1601-65105,5/21/2020 2:34,4713.08,4978.2,9.144,34.398892,-119.552328,9,3.8,2.0,,,,In_D In_E Off_C Off_D Off_E Off_F OS2 PB,In_D Off_C Off_D Off_E Off_F OS2
60355,Off_E,A69-1601-62004,5/21/2020 2:37,4781.78,5094.48,6.096,34.399941,-119.551581,3,3.2,4.0,,,,In_D Off_D Off_E Off_F PB,In_D Off_D Off_F PB
60359,Off_A,A69-1601-62648,5/21/2020 2:42,3480.43,6125.76,6.4,34.409236,-119.565736,1,6.6,1.9,,,,In_A Off_A Off_B OS1,In_A Off_B OS1
60361,Off_C,A69-1601-62644,5/21/2020 2:44,4202.13,5690.84,7.62,34.405316,-119.557886,1,3.7,1.7,,,,In_C Off_B Off_C Off_D,In_C Off_B Off_D
60363,Ref01,A69-1601-65105,5/21/2020 2:45,4712.78,4977.44,9.144,34.398886,-119.552332,9,4.0,2.6,,,,In_D In_E In_F Off_D Off_E Off_F OS2 PB,In_D In_F Off_D Off_E Off_F OS2
60365,In_D,A69-1601-62005,5/21/2020 2:46,5018.72,5467.44,6.705,34.403303,-119.549004,1,8.9,5.3,,,,In_D Off_D Off_E OS2,Off_D Off_E OS2
60368,Off_E,A69-1601-62004,5/21/2020 2:48,4782.91,5093.75,6.096,34.399934,-119.551569,9,2.8,3.5,,,,In_D In_E Off_D Off_E Off_F PB,In_D In_E Off_D Off_F PB
60377,Ref01,A69-1601-65105,5/21/2020 2:56,4711.45,4975.87,9.144,34.398871,-119.552346,8,3.6,4.6,,,,In_D Off_D Off_E Off_F OS2 PB,In_D Off_D Off_E Off_F OS2 PB
60386,Off_C,A69-1601-62644,5/21/2020 3:06,4201.96,5690.42,7.62,34.405313,-119.557888,2,3.3,1.3,,,,In_C Off_A Off_B Off_C Off_D,In_C Off_A Off_B Off_D
60389,Off_E,A69-1601-62004,5/21/2020 3:07,4781.64,5093.23,6.096,34.399929,-119.551583,3,3.2,4.8,,,,In_D Off_D Off_E Off_F PB,In_D Off_D Off_F PB
60393,In_B,A69-1601-62002,5/21/2020 3:09,4186.22,6251.99,6.096,34.410375,-119.558059,3,6.0,2.1,,,,In_B Off_A Off_B Off_C OS1,Off_A Off_B Off_C OS1
60401,Off_C,A69-1601-62644,5/21/2020 3:16,4203.03,5691.64,7.62,34.405324,-119.557876,1,5.0,2.7,,,,Off_B Off_C Off_D OS2,Off_B Off_D OS2
60403,Ref01,A69-1601-65105,5/21/2020 3:16,4715.8,4978.7,9.144,34.398897,-119.552299,6,4.7,0.9,,,,In_C In_D In_E In_F Off_C Off_D Off_E Off_F OS2 PB,In_F Off_C Off_D Off_E Off_F OS2
60405,Off_E,A69-1601-62004,5/21/2020 3:17,4786.81,5093.38,6.096,34.399931,-119.551527,1,3.6,3.2,,,,In_D Off_D Off_E PB,In_D Off_D PB
60406,In_D,A69-1601-62005,5/21/2020 3:17,5025.05,5466.67,6.705,34.403296,-119.548936,9,3.3,1.1,,,,In_D In_E Off_D Off_E Off_F OS2,In_E Off_D Off_E Off_F OS2
60411,In_B,A69-1601-62002,5/21/2020 3:20,4187.54,6251.61,6.096,34.410372,-119.558045,4,3.7,1.4,,,,In_B In_C Off_B Off_C OS1,In_C Off_B Off_C OS1
60418,Ref01,A69-1601-65105,5/21/2020 3:27,4716.36,4979.13,9.144,34.398901,-119.552293,6,4.7,1.4,,,,In_C In_D In_E In_F Off_C Off_D Off_E Off_F OS2 PB,In_F Off_C Off_D Off_E Off_F OS2
60419,Off_E,A69-1601-62004,5/21/2020 3:27,4784.64,5094.27,6.096,34.399939,-119.55155,3,3.4,2.1,,,,In_E Off_D Off_E Off_F PB,In_E Off_D Off_F PB
60421,In_D,A69-1601-62005,5/21/2020 3:28,5025.38,5466.99,6.705,34.403299,-119.548932,1,9.2,1.4,,,,In_D Off_D Off_E OS2,Off_D Off_E OS2
60423,In_B,A69-1601-62002,5/21/2020 3:30,4187.21,6251.45,6.096,34.41037,-119.558049,2,4.3,1.7,,,,In_B In_C Off_A Off_B OS1,In_C Off_A Off_B OS1
60424,Off_C,A69-1601-62644,5/21/2020 3:34,4201.21,5689.41,7.62,34.405304,-119.557896,1,3.7,0.9,,,,In_C Off_B Off_C Off_D,In_C Off_B Off_D
60425,Off_E,A69-1601-62004,5/21/2020 3:36,4783.77,5094.85,6.096,34.399944,-119.55156,4,3.3,2.2,,,,In_D Off_D Off_E OS2 PB,In_D Off_D OS2 PB
60426,Ref01,A69-1601-65105,5/21/2020 3:37,4714.48,4976.41,9.144,34.398876,-119.552313,8,3.9,2.4,,,,In_C In_D In_E Off_C Off_D Off_E Off_F OS2 PB,In_D Off_C Off_D Off_E Off_F OS2
60427,In_B,A69-1601-62002,5/21/2020 3:40,4187.13,6250.9,6.096,34.410365,-119.55805,1,4.3,2.2,,,,In_B In_C Off_B OS1,In_C Off_B OS1
60428,Off_C,A69-1601-62644,5/21/2020 3:44,4202.08,5690.07,7.62,34.40531,-119.557886,4,3.3,1.0,,,,In_C Off_B Off_C Off_D OS2,In_C Off_B Off_D OS2
60429,Ref01,A69-1601-65105,5/21/2020 3:46,4713.42,4977.38,9.144,34.398885,-119.552325,6,4.7,2.1,,,,In_D In_E In_F Off_C Off_D Off_E Off_F OS2 PB,In_F Off_C Off_D Off_E Off_F OS2
60431,Off_E,A69-1601-62004,5/21/2020 3:46,4785.79,5099.18,6.096,34.399983,-119.551538,4,3.0,3.0,,,,In_D In_E Off_D Off_E PB,In_D In_E Off_D PB
60432,Off_A,A69-1601-62648,5/21/2020 3:47,3482.51,6126.61,6.4,34.409244,-119.565713,1,6.5,0.4,,,,In_A Off_A Off_B OS1,In_A Off_B OS1
60434,In_B,A69-1601-62002,5/21/2020 3:49,4187.29,6250.65,6.096,34.410363,-119.558048,1,4.3,2.4,,,,In_B In_C Off_B OS1,In_C Off_B OS1
60435,In_D,A69-1601-62005,5/21/2020 3:49,5024.86,5469.77,6.705,34.403324,-119.548938,8,3.3,3.1,,,,In_D In_E Off_D Off_E OS2 PB,In_E Off_D Off_E OS2 PB
60436,Off_C,A69-1601-62644,5/21/2020 3:53,4202.24,5691.21,7.62,34.40532,-119.557885,4,3.3,2.1,,,,In_C Off_B Off_C Off_D OS2,In_C Off_B Off_D OS2
60439,Ref01,A69-1601-65105,5/21/2020 3:55,4713.79,4981.98,9.144,34.398927,-119.552321,10,10.1,3.4,,,,In_C In_D Off_C Off_D Off_E OS2,In_C In_D Off_C Off_D Off_E OS2
60445,In_B,A69-1601-62002,5/21/2020 3:59,4184.68,6252.54,6.096,34.41038,-119.558076,1,21.2,3.5,,,,In_B Off_A Off_B OS1,Off_A Off_B OS1
60447,In_D,A69-1601-62005,5/21/2020 3:59,5018.58,5467.65,6.705,34.403305,-119.549006,1,8.9,5.5,,,,In_D Off_D Off_E OS2,Off_D Off_E OS2
60452,Off_C,A69-1601-62644,5/21/2020 4:04,4201.6,5690.59,7.62,34.405314,-119.557892,9,3.0,1.6,,,,In_B In_C Off_B Off_C Off_D OS2,In_B In_C Off_B Off_D OS2
60453,Ref01,A69-1601-65105,5/21/2020 4:05,4713.77,4976.39,9.144,34.398876,-119.552321,8,3.9,2.7,,,,In_D In_E Off_B Off_C Off_D Off_E Off_F OS2 PB,In_D Off_C Off_D Off_E Off_F OS2
60454,Off_E,A69-1601-62004,5/21/2020 4:07,4783.39,5097.49,6.096,34.399968,-119.551564,1,3.7,2.4,,,,In_E Off_D Off_E PB,In_E Off_D PB
60458,Ref01,A69-1601-65105,5/21/2020 4:14,4714.4,4979.44,9.144,34.398904,-119.552314,10,3.3,0.9,,,,In_D In_E Off_D Off_E Off_F PB,In_D In_E Off_D Off_E Off_F PB
60464,In_B,A69-1601-62002,5/21/2020 4:21,4188.63,6252.38,6.096,34.410379,-119.558033,4,3.7,0.6,,,,In_B In_C Off_B Off_C OS1,In_C Off_B Off_C OS1
60468,Ref01,A69-1601-65105,5/21/2020 4:25,4714.48,4978.07,9.144,34.398891,-119.552313,9,3.8,0.9,,,,In_C In_D Off_B Off_C Off_D Off_E Off_F OS2 PB,In_D Off_C Off_D Off_E Off_F OS2
60474,Off_A,A69-1601-62648,5/21/2020 4:29,3480.0,6124.45,6.4,34.409224,-119.565741,1,6.6,3.0,,,,In_A Off_A Off_B Off_C OS1,In_A Off_B OS1
60476,In_D,A69-1601-62005,5/21/2020 4:31,5023.72,5467.3,6.705,34.403302,-119.54895,4,3.5,0.6,,,,In_D In_E Off_D Off_E OS2,In_E Off_D Off_E OS2
60477,In_B,A69-1601-62002,5/21/2020 4:32,4188.62,6251.62,6.096,34.410372,-119.558033,4,3.7,1.3,,,,In_B In_C Off_B Off_C OS1,In_C Off_B Off_C OS1
60478,Off_C,A69-1601-62644,5/21/2020 4:32,4204.11,5689.73,7.62,34.405306,-119.557864,4,3.3,2.1,,,,In_C Off_B Off_C Off_D OS2,In_C Off_B Off_D OS2
60482,Ref01,A69-1601-65105,5/21/2020 4:35,4715.22,4976.42,9.144,34.398876,-119.552305,10,4.8,2.4,,,,In_E In_F Off_B Off_E Off_F PB,In_E In_F Off_B Off_E Off_F PB
60484,Off_E,A69-1601-62004,5/21/2020 4:36,4792.71,5096.17,6.096,34.399956,-119.551462,1,7.2,7.3,,,,In_D Off_E Off_F PB,In_D Off_F PB
60488,In_D,A69-1601-62005,5/21/2020 4:41,5025.78,5469.24,6.705,34.403319,-119.548928,1,4.1,3.0,,,,In_D In_E Off_E OS2,In_E Off_E OS2
60489,Off_C,A69-1601-62644,5/21/2020 4:41,4203.94,5691.03,7.62,34.405318,-119.557866,4,3.3,2.7,,,,In_B In_C Off_B Off_C Off_D,In_B In_C Off_B Off_D
60490,In_B,A69-1601-62002,5/21/2020 4:42,4189.03,6252.02,6.096,34.410375,-119.558029,4,3.7,1.2,,,,In_B In_C Off_B Off_C OS1,In_C Off_B Off_C OS1
60492,Ref01,A69-1601-65105,5/21/2020 4:45,4716.1,4978.5,9.144,34.398895,-119.552296,10,3.9,1.2,,,,In_D In_E In_F Off_D Off_E Off_F PB,In_D In_E In_F Off_D Off_E Off_F
60493,Off_E,A69-1601-62004,5/21/2020 4:45,4786.7,5098.03,6.096,34.399973,-119.551528,1,3.6,2.2,,,,In_D Off_D Off_E PB,In_D Off_D PB
60495,Off_A,A69-1601-62648,5/21/2020 4:47,3482.24,6127.12,6.4,34.409249,-119.565716,3,5.7,0.5,,,,In_A In_B Off_A Off_B OS1,In_A In_B Off_B OS1
60499,Off_C,A69-1601-62644,5/21/2020 4:51,4208.16,5690.04,7.62,34.405309,-119.55782,1,9.0,6.1,,,,In_C Off_C Off_D OS2,In_C Off_D OS2
60500,In_D,A69-1601-62005,5/21/2020 4:51,5023.8,5466.31,6.705,34.403293,-119.548949,1,9.1,0.5,,,,In_D Off_D Off_E OS2,Off_D Off_E OS2
60501,In_B,A69-1601-62002,5/21/2020 4:52,4190.75,6247.86,6.096,34.410338,-119.55801,1,8.3,5.6,,,,In_B In_C Off_B Off_C,In_C Off_B Off_C
60503,Off_E,A69-1601-62004,5/21/2020 4:55,4781.67,5090.86,6.096,34.399908,-119.551582,1,4.6,6.6,,,,In_E Off_D Off_E Off_F,In_E Off_D Off_F
60504,Ref01,A69-1601-65105,5/21/2020 4:55,4717.05,4978.92,9.144,34.398899,-119.552285,5,5.4,2.1,,,,In_D In_E Off_E Off_F PB,In_D In_E Off_E Off_F PB
60511,Off_C,A69-1601-62644,5/21/2020 5:01,4204.63,5690.33,7.62,34.405312,-119.557859,4,3.3,2.8,,,,In_B In_C Off_B Off_C Off_D,In_B In_C Off_B Off_D
60513,Off_E,A69-1601-62004,5/21/2020 5:04,4784.99,5097.02,6.096,34.399964,-119.551546,4,3.0,0.9,,,,In_D In_E Off_D Off_E PB,In_D In_E Off_D PB
60515,Ref01,A69-1601-65105,5/21/2020 5:06,4714.09,4977.7,9.144,34.398888,-119.552317,6,4.7,1.4,,,,In_D In_E In_F Off_C Off_D Off_E Off_F OS2 PB,In_F Off_C Off_D Off_E Off_F OS2
60521,Off_C,A69-1601-62644,5/21/2020 5:11,4201.51,5689.41,7.62,34.405304,-119.557893,2,6.5,0.7,,,,In_B In_C Off_A Off_B Off_C,In_B In_C Off_A Off_B
60523,Off_E,A69-1601-62004,5/21/2020 5:14,4785.69,5095.26,6.096,34.399948,-119.551539,4,4.6,1.0,,,,In_D In_E Off_E Off_F PB,In_D In_E Off_F PB
60525,Off_A,A69-1601-62648,5/21/2020 5:15,3485.01,6128.43,6.4,34.40926,-119.565686,1,6.4,3.4,,,,In_A Off_A Off_B Off_C OS1,In_A Off_B OS1
60528,Ref01,A69-1601-65105,5/21/2020 5:17,4713.96,4977.38,9.144,34.398885,-119.552319,9,4.0,1.7,,,,In_B In_D In_E In_F Off_D Off_E Off_F OS2 PB,In_D In_F Off_D Off_E Off_F OS2
60535,In_D,A69-1601-62005,5/21/2020 5:21,5024.17,5466.93,6.705,34.403298,-119.548945,8,3.3,0.2,,,,In_D In_E Off_D Off_E OS2 PB,In_E Off_D Off_E OS2 PB
60537,Off_C,A69-1601-62644,5/21/2020 5:21,4204.39,5689.62,7.62,34.405305,-119.557861,4,3.3,2.3,,,,In_B In_C Off_B Off_C Off_D,In_B In_C Off_B Off_D
60541,Off_A,A69-1601-62648,5/21/2020 5:24,3484.08,6129.24,6.4,34.409268,-119.565696,1,6.4,3.3,,,,In_A Off_A Off_B OS1,In_A Off_B OS1
60547,Ref01,A69-1601-65105,5/21/2020 5:28,4715.27,4978.01,9.144,34.398891,-119.552305,11,3.7,0.8,,,,In_D In_E Off_D Off_E Off_F OS2 PB,In_D In_E Off_D Off_E Off_F OS2
60550,Off_C,A69-1601-62644,5/21/2020 5:31,4204.01,5687.92,7.62,34.40529,-119.557865,4,3.3,2.2,,,,In_C Off_B Off_C Off_D OS2,In_C Off_B Off_D OS2
60551,In_B,A69-1601-62002,5/21/2020 5:31,4167.56,6248.67,6.096,34.410345,-119.558262,1,18.9,21.0,,,,In_B Off_A Off_B OS1,Off_A Off_B OS1
60552,In_D,A69-1601-62005,5/21/2020 5:31,5024.18,5466.37,6.705,34.403293,-119.548945,1,5.1,0.5,,,,In_C In_D In_E Off_D,In_C In_E Off_D
60554,Off_E,A69-1601-62004,5/21/2020 5:32,4787.38,5095.94,6.096,34.399954,-119.55152,1,5.8,2.0,,,,In_D In_E Off_E PB,In_D In_E PB
60561,Ref01,A69-1601-65105,5/21/2020 5:39,4715.53,4978.23,9.144,34.398893,-119.552302,6,4.7,0.8,,,,In_D In_E In_F Off_C Off_D Off_E Off_F OS2 PB,In_F Off_C Off_D Off_E Off_F OS2
60563,In_B,A69-1601-62002,5/21/2020 5:40,4189.37,6252.18,6.096,34.410377,-119.558025,4,3.7,1.4,,,,In_B In_C Off_B Off_C OS1,In_C Off_B Off_C OS1
60565,In_D,A69-1601-62005,5/21/2020 5:41,5023.69,5466.66,6.705,34.403296,-119.54895,6,3.4,0.3,,,,In_C In_D In_E Off_C Off_D Off_E OS2,In_E Off_C Off_D Off_E OS2
60566,Off_E,A69-1601-62004,5/21/2020 5:42,4783.79,5094.52,6.096,34.399941,-119.551559,3,3.2,2.4,,,,In_D Off_D Off_E Off_F PB,In_D Off_D Off_F PB
60568,Off_A,A69-1601-62648,5/21/2020 5:43,3483.2,6128.29,6.4,34.409259,-119.565706,1,6.5,2.0,,,,In_A Off_A Off_B OS1,In_A Off_B OS1
60575,Ref01,A69-1601-65105,5/21/2020 5:49,4716.16,4979.35,9.144,34.398903,-119.552295,6,4.7,1.3,,,,In_C In_D In_E In_F Off_C Off_D Off_E Off_F OS2 PB,In_F Off_C Off_D Off_E Off_F OS2
60576,In_B,A69-1601-62002,5/21/2020 5:50,4187.94,6252.77,6.096,34.410382,-119.558041,1,5.1,0.3,,,,In_B In_C Off_C OS1,In_C Off_C OS1
60577,Off_C,A69-1601-62644,5/21/2020 5:50,4204.76,5689.27,7.62,34.405302,-119.557857,9,3.0,2.7,,,,In_B In_C Off_B Off_C Off_D OS2,In_B In_C Off_B Off_D OS2
60579,Off_E,A69-1601-62004,5/21/2020 5:51,4786.3,5094.23,6.096,34.399938,-119.551532,9,2.8,2.2,,,,In_D In_E Off_D Off_E Off_F PB,In_D In_E Off_D Off_F PB
60593,Ref01,A69-1601-65105,5/21/2020 5:59,4714.85,4977.92,9.144,34.39889,-119.552309,6,4.7,0.9,,,,In_C In_D In_E In_F Off_C Off_D Off_E Off_F OS2 PB,In_F Off_C Off_D Off_E Off_F OS2
60594,In_D,A69-1601-62005,5/21/2020 6:00,5023.48,5465.83,6.705,34.403288,-119.548953,6,3.4,1.1,,,,In_D In_E Off_C Off_D Off_E OS2,In_E Off_C Off_D Off_E OS2
60597,Off_E,A69-1601-62004,5/21/2020 6:01,4785.44,5094.28,6.096,34.399939,-119.551541,9,2.9,1.9,,,,In_D In_E Off_D Off_E OS2 PB,In_D In_E Off_D OS2 PB
60598,Off_C,A69-1601-62644,5/21/2020 6:01,4203.21,5688.87,7.62,34.405299,-119.557874,3,4.2,1.1,,,,In_B In_C Off_B Off_C OS2,In_B In_C Off_B OS2
60604,Off_A,A69-1601-62648,5/21/2020 6:05,3487.81,6127.41,6.4,34.409251,-119.565656,1,28.4,5.8,,,,In_B Off_A Off_B OS1,In_B Off_B OS1
60610,Ref01,A69-1601-65105,5/21/2020 6:10,4715.68,4978.55,9.144,34.398896,-119.5523,6,4.7,0.8,,,,In_C In_D In_E In_F Off_C Off_D Off_E Off_F OS2 PB,In_F Off_C Off_D Off_E Off_F OS2
60612,In_B,A69-1601-62002,5/21/2020 6:10,4194.1,6254.99,6.096,34.410402,-119.557974,1,6.9,6.3,,,,In_B Off_B Off_C OS1,Off_B Off_C OS1
60616,Off_E,A69-1601-62004,5/21/2020 6:12,4784.76,5094.84,6.096,34.399944,-119.551549,1,7.5,1.5,,,,In_D Off_E Off_F PB,In_D Off_F PB
60617,Off_C,A69-1601-62644,5/21/2020 6:12,4200.88,5689.09,7.62,34.405301,-119.557899,3,4.5,1.2,,,,In_B In_C Off_C Off_D OS2,In_B In_C Off_D OS2
60622,Off_A,A69-1601-62648,5/21/2020 6:16,3481.88,6126.03,6.4,34.409239,-119.56572,6,5.7,0.6,,,,In_A In_B In_C Off_A Off_B OS1,In_A In_B In_C Off_B OS1
60626,Ref01,A69-1601-65105,5/21/2020 6:20,4715.67,4978.84,9.144,34.398898,-119.5523,6,4.7,0.7,,,,In_C In_D In_E In_F Off_C Off_D Off_E Off_F OS2 PB,In_F Off_C Off_D Off_E Off_F OS2
60628,In_D,A69-1601-62005,5/21/2020 6:21,5023.43,5466.16,6.705,34.403291,-119.548953,4,3.5,0.8,,,,In_D In_E Off_D Off_E OS2,In_E Off_D Off_E OS2
60630,In_B,A69-1601-62002,5/21/2020 6:21,4193.01,6254.1,6.096,34.410394,-119.557986,1,6.9,5.0,,,,In_B Off_B Off_C OS1,Off_B Off_C OS1
60631,Off_E,A69-1601-62004,5/21/2020 6:22,4786.17,5095.6,6.096,34.399951,-119.551534,4,4.6,1.0,,,,In_D In_E Off_E Off_F PB,In_D In_E Off_F PB
60634,Off_C,A69-1601-62644,5/21/2020 6:23,4203.67,5690.31,7.62,34.405312,-119.557869,3,4.2,2.0,,,,In_B In_C Off_B Off_C OS2,In_B In_C Off_B OS2
60638,Off_A,A69-1601-62648,5/21/2020 6:27,3483.18,6126.7,6.4,34.409245,-119.565706,5,5.2,1.1,,,,In_A In_B Off_A Off_B Off_C OS1,In_A In_B Off_B Off_C OS1
60641,In_D,A69-1601-62005,5/21/2020 6:30,5022.54,5465.66,6.705,34.403287,-119.548963,1,4.0,1.8,,,,In_D In_E Off_E OS2,In_E Off_E OS2
60642,In_B,A69-1601-62002,5/21/2020 6:31,4188.19,6251.19,6.096,34.410368,-119.558038,4,3.7,1.7,,,,In_B In_C Off_B Off_C OS1,In_C Off_B Off_C OS1
60643,Off_E,A69-1601-62004,5/21/2020 6:31,4784.82,5095.25,6.096,34.399948,-119.551548,3,4.5,1.2,,,,In_D Off_E Off_F OS2 PB,In_D Off_F OS2 PB
60653,In_B,A69-1601-62002,5/21/2020 6:40,4188.22,6249.97,6.096,34.410357,-119.558038,2,5.5,2.9,,,,In_B In_C Off_A Off_B Off_C,In_C Off_A Off_B Off_C
60654,Ref01,A69-1601-65105,5/21/2020 6:41,4714.31,4978.3,9.144,34.398893,-119.552315,6,4.7,0.8,,,,In_B In_C In_D In_E In_F Off_B Off_C Off_D Off_E Off_F OS2 PB,In_F Off_C Off_D Off_E Off_F OS2
60657,Off_C,A69-1601-62644,5/21/2020 6:44,4202.59,5689.65,7.62,34.405306,-119.557881,6,3.6,0.7,,,,In_B In_C Off_A Off_B Off_C OS2,In_B In_C Off_A Off_B OS2
60661,In_D,A69-1601-62005,5/21/2020 6:50,5019.61,5467.11,6.705,34.4033,-119.548995,2,8.9,4.4,,,,In_D Off_C Off_D Off_E OS2,Off_C Off_D Off_E OS2
60663,Off_E,A69-1601-62004,5/21/2020 6:52,4782.64,5095.27,6.096,34.399948,-119.551572,9,2.8,2.9,,,,In_D In_E Off_D Off_E Off_F PB,In_D In_E Off_D Off_F PB
60665,Off_C,A69-1601-62644,5/21/2020 6:54,4201.89,5689.51,7.62,34.405304,-119.557888,1,6.0,0.5,,,,In_B Off_C Off_D OS2,In_B Off_D OS2
60668,Off_A,A69-1601-62648,5/21/2020 6:57,3487.33,6131.17,6.4,34.409285,-119.565661,2,8.1,7.0,,,,In_A In_B Off_A Off_C OS1,In_A In_B Off_C OS1
60670,In_B,A69-1601-62002,5/21/2020 7:00,4177.98,6249.47,6.096,34.410352,-119.558149,1,20.2,10.7,,,,In_B Off_A Off_B OS1,Off_A Off_B OS1
60671,Ref01,A69-1601-65105,5/21/2020 7:01,4713.57,4978.43,9.144,34.398895,-119.552323,8,3.9,1.4,,,,In_C In_D In_E Off_C Off_D Off_E Off_F OS2 PB,In_D Off_C Off_D Off_E Off_F OS2
60673,Off_E,A69-1601-62004,5/21/2020 7:02,4782.44,5095.13,6.096,34.399947,-119.551574,8,3.0,3.2,,,,In_E Off_D Off_E Off_F OS2 PB,In_E Off_D Off_F OS2 PB
60678,Off_A,A69-1601-62648,5/21/2020 7:07,3493.72,6128.71,6.4,34.409263,-119.565591,1,27.4,11.8,,,,In_B Off_A Off_B OS1,In_B Off_B OS1
60683,In_B,A69-1601-62002,5/21/2020 7:10,4188.16,6251.96,6.096,34.410375,-119.558038,7,3.5,0.9,,,,In_B In_C Off_A Off_B Off_C OS1,In_C Off_A Off_B Off_C OS1
60686,Ref01,A69-1601-65105,5/21/2020 7:11,4712.85,4977.72,9.144,34.398888,-119.552331,6,4.7,2.4,,,,In_C In_D In_E In_F Off_B Off_C Off_D Off_E Off_F OS2 PB,In_F Off_C Off_D Off_E Off_F OS2
60688,In_D,A69-1601-62005,5/21/2020 7:11,5023.53,5466.52,6.705,34.403295,-119.548952,4,3.5,0.5,,,,In_D In_E Off_D Off_E OS2,In_E Off_D Off_E OS2
60689,Off_E,A69-1601-62004,5/21/2020 7:13,4781.78,5095.69,6.096,34.399952,-119.551581,8,3.0,3.7,,,,In_D Off_D Off_E Off_F OS2 PB,In_D Off_D Off_F OS2 PB
60692,Off_C,A69-1601-62644,5/21/2020 7:15,4202.16,5688.05,7.62,34.405291,-119.557885,2,4.0,1.0,,,,In_B Off_A Off_B Off_C Off_D,In_B Off_A Off_B Off_D
60695,Off_A,A69-1601-62648,5/21/2020 7:16,3480.99,6126.36,6.4,34.409242,-119.56573,5,5.2,1.1,,,,In_A In_B Off_A Off_B Off_C OS1,In_A In_B Off_B Off_C OS1
60697,In_B,A69-1601-62002,5/21/2020 7:20,4189.49,6253.46,6.096,34.410388,-119.558024,7,3.5,1.4,,,,In_B In_C Off_A Off_B Off_C OS1,In_C Off_A Off_B Off_C OS1
60699,Ref01,A69-1601-65105,5/21/2020 7:22,4713.96,4978.78,9.144,34.398898,-119.552319,5,4.1,1.0,,,,In_C In_D In_E In_F Off_C Off_D Off_E Off_F PB,In_D In_F Off_C Off_D Off_E Off_F
60700,In_D,A69-1601-62005,5/21/2020 7:22,5017.2,5466.07,6.705,34.403291,-119.549021,2,8.8,6.8,,,,In_D Off_C Off_D Off_E OS2,Off_C Off_D Off_E OS2
60703,Off_E,A69-1601-62004,5/21/2020 7:23,4784.52,5095.54,6.096,34.39995,-119.551551,1,7.5,1.1,,,,In_D Off_E Off_F PB,In_D Off_F PB
60704,Off_C,A69-1601-62644,5/21/2020 7:25,4205.07,5689.13,7.62,34.405301,-119.557854,1,3.7,3.0,,,,In_C Off_B Off_C Off_D,In_C Off_B Off_D
60707,Off_A,A69-1601-62648,5/21/2020 7:27,3485.08,6129.09,6.4,34.409266,-119.565685,1,8.8,3.9,,,,In_A In_B Off_A Off_B,In_A In_B Off_B
60712,In_B,A69-1601-62002,5/21/2020 7:31,4188.06,6252.01,6.096,34.410375,-119.558039,7,3.5,0.9,,,,In_B In_C Off_A Off_B Off_C OS1,In_C Off_A Off_B Off_C OS1
60714,Ref01,A69-1601-65105,5/21/2020 7:32,4714.38,4979.06,9.144,34.3989,-119.552314,6,4.7,0.6,,,,In_B In_D In_E In_F Off_B Off_C Off_D Off_E Off_F OS2 PB,In_F Off_C Off_D Off_E Off_F OS2
60716,In_D,A69-1601-62005,5/21/2020 7:33,5023.9,5468.11,6.705,34.403309,-119.548948,4,3.5,1.3,,,,In_D In_E Off_D Off_E OS2,In_E Off_D Off_E OS2
60719,Off_C,A69-1601-62644,5/21/2020 7:36,4202.08,5687.66,7.62,34.405288,-119.557886,1,8.5,1.4,,,,In_B In_C Off_B Off_C,In_B In_C Off_B
60723,Ref01,A69-1601-65105,5/21/2020 7:42,4716.1,4981.62,9.144,34.398923,-119.552296,8,3.8,3.1,,,,In_C In_D In_E Off_C Off_D Off_E Off_F OS2 PB,In_D Off_C Off_D Off_E Off_F OS2
60726,In_D,A69-1601-62005,5/21/2020 7:43,5025.83,5469.35,6.705,34.40332,-119.548927,2,3.7,3.2,,,,In_D In_E Off_C Off_E OS2,In_E Off_C Off_E OS2
60727,Off_E,A69-1601-62004,5/21/2020 7:45,4783.85,5097.19,6.096,34.399965,-119.551559,4,3.3,1.8,,,,In_D Off_D Off_E OS2 PB,In_D Off_D OS2 PB
60730,Off_C,A69-1601-62644,5/21/2020 7:45,4205.18,5689.77,7.62,34.405307,-119.557853,4,3.3,3.1,,,,In_B In_C Off_B Off_C Off_D,In_B In_C Off_B Off_D
60731,Off_A,A69-1601-62648,5/21/2020 7:46,3486.09,6128.24,6.4,34.409259,-119.565674,5,5.2,4.3,,,,In_A In_B Off_A Off_B Off_C OS1,In_A In_B Off_B Off_C OS1
60739,In_B,A69-1601-62002,5/21/2020 7:52,4188.21,6249.04,6.096,34.410348,-119.558038,2,5.5,3.8,,,,In_B In_C Off_A Off_B Off_C,In_C Off_A Off_B Off_C
60740,Ref01,A69-1601-65105,5/21/2020 7:52,4717.04,4981.85,9.144,34.398925,-119.552285,8,3.8,3.7,,,,In_B In_C In_D In_E Off_B Off_C Off_D Off_E Off_F OS2 PB,In_D Off_C Off_D Off_E Off_F OS2
60742,In_D,A69-1601-62005,5/21/2020 7:53,5023.18,5466.52,6.705,34.403295,-119.548956,1,9.1,0.9,,,,In_D Off_D Off_E OS2,Off_D Off_E OS2
60743,Off_E,A69-1601-62004,5/21/2020 7:55,4785.13,5096.21,6.096,34.399956,-119.551545,3,4.5,0.3,,,,In_D In_E Off_E Off_F OS2,In_D In_E Off_F OS2
60745,Off_A,A69-1601-62648,5/21/2020 7:55,3482.19,6126.25,6.4,34.409241,-119.565717,1,6.5,0.4,,,,In_A Off_A Off_B Off_C OS1,In_A Off_B OS1
60747,Off_C,A69-1601-62644,5/21/2020 7:56,4202.0,5689.9,7.62,34.405308,-119.557887,8,3.1,0.8,,,,In_B In_C In_D Off_B Off_C Off_D,In_B In_C In_D Off_B Off_D
60753,In_B,A69-1601-62002,5/21/2020 8:01,4187.39,6255.93,6.096,34.410411,-119.558047,1,8.6,3.2,,,,In_B In_C Off_B Off_C,In_C Off_B Off_C
60754,Ref01,A69-1601-65105,5/21/2020 8:02,4717.49,4981.72,9.144,34.398924,-119.55228,8,3.8,3.9,,,,In_C In_D In_E Off_C Off_D Off_E Off_F OS2 PB,In_D Off_C Off_D Off_E Off_F OS2
60756,In_D,A69-1601-62005,5/21/2020 8:03,5025.92,5469.04,6.705,34.403317,-119.548926,2,3.7,3.0,,,,In_D In_E Off_C Off_E OS2,In_E Off_C Off_E OS2
60759,Off_E,A69-1601-62004,5/21/2020 8:05,4787.96,5097.5,6.096,34.399968,-119.551514,9,2.8,2.8,,,,In_D In_E Off_D Off_E OS2 PB,In_D In_E Off_D OS2 PB
60761,Off_C,A69-1601-62644,5/21/2020 8:07,4201.7,5688.75,7.62,34.405298,-119.557891,7,3.0,0.5,,,,In_B In_C Off_A Off_B Off_C Off_D,In_B In_C Off_A Off_B Off_D
60765,Off_G,A69-1601-62001,5/21/2020 8:10,5386.92,4478.06,7.62,34.394384,-119.545,1,15.3,4.3,,,,In_E In_F Off_F Off_G,In_E In_F Off_F
60768,In_B,A69-1601-62002,5/21/2020 8:11,4187.41,6257.44,6.096,34.410424,-119.558046,1,8.7,4.6,,,,In_B In_C Off_B Off_C,In_C Off_B Off_C
60771,In_D,A69-1601-62005,5/21/2020 8:12,5025.82,5468.53,6.705,34.403313,-119.548927,6,3.4,2.5,,,,In_C In_D In_E Off_C Off_D Off_E OS2 PB,In_E Off_C Off_D Off_E OS2
60772,Ref01,A69-1601-65105,5/21/2020 8:13,4717.65,4981.1,9.144,34.398919,-119.552279,6,4.7,3.5,,,,In_C In_D In_E In_F Off_C Off_D Off_E Off_F OS2 PB,In_F Off_C Off_D Off_E Off_F OS2
60777,Off_E,A69-1601-62004,5/21/2020 8:16,4786.59,5097.45,6.096,34.399967,-119.551529,1,6.2,1.7,,,,In_E Off_D Off_E OS2,In_E Off_D OS2
60779,Off_C,A69-1601-62644,5/21/2020 8:17,4201.96,5689.25,7.62,34.405302,-119.557888,3,4.5,0.2,,,,In_B In_C Off_C Off_D OS2,In_B In_C Off_D OS2
60784,In_B,A69-1601-62002,5/21/2020 8:21,4189.08,6259.07,6.096,34.410439,-119.558028,2,5.7,6.3,,,,In_B In_C Off_A Off_B Off_C,In_C Off_A Off_B Off_C
60787,In_D,A69-1601-62005,5/21/2020 8:22,5025.47,5468.22,6.705,34.40331,-119.548931,6,3.4,2.1,,,,In_C In_D In_E Off_C Off_D Off_E OS2,In_E Off_C Off_D Off_E OS2
60788,Ref01,A69-1601-65105,5/21/2020 8:23,4717.84,4981.24,9.144,34.39892,-119.552277,6,4.7,3.8,,,,In_C In_D In_E In_F Off_B Off_C Off_D Off_E Off_F OS2 PB,In_F Off_C Off_D Off_E Off_F OS2
60789,Off_A,A69-1601-62648,5/21/2020 8:24,3485.1,6127.24,6.4,34.40925,-119.565685,2,6.7,3.1,,,,In_A In_B Off_A Off_B Off_C,In_A In_B Off_B Off_C
60791,Off_E,A69-1601-62004,5/21/2020 8:25,4789.64,5099.33,6.096,34.399984,-119.551496,1,4.8,5.2,,,,Off_D Off_E OS2 PB,Off_D OS2 PB
60793,Off_C,A69-1601-62644,5/21/2020 8:27,4202.91,5689.15,7.62,34.405301,-119.557877,3,4.5,0.8,,,,In_B In_C Off_C Off_D OS2,In_B In_C Off_D OS2
60798,In_B,A69-1601-62002,5/21/2020 8:30,4187.28,6253.59,6.096,34.410389,-119.558048,5,5.1,1.2,,,,In_B In_C Off_A Off_B Off_C Off_D,In_C Off_A Off_B Off_C Off_D
60800,In_D,A69-1601-62005,5/21/2020 8:32,5027.07,5470.3,6.705,34.403329,-119.548914,6,3.4,4.7,,,,In_D In_E Off_C Off_D Off_E OS2,In_E Off_C Off_D Off_E OS2
60802,Ref01,A69-1601-65105,5/21/2020 8:32,4718.82,4983.02,9.144,34.398936,-119.552266,8,3.8,5.7,,,,In_D In_E Off_C Off_D Off_E Off_F OS2 PB,In_D Off_C Off_D Off_E Off_F OS2
60805,Off_A,A69-1601-62648,5/21/2020 8:34,3487.78,6128.66,6.4,34.409262,-119.565656,2,6.6,6.0,,,,In_A In_B Off_A Off_B Off_C,In_A In_B Off_B Off_C
60808,Off_E,A69-1601-62004,5/21/2020 8:36,4788.22,5098.04,6.096,34.399973,-119.551511,4,3.3,3.3,,,,In_D Off_D Off_E OS2 PB,In_D Off_D OS2 PB
60810,Off_C,A69-1601-62644,5/21/2020 8:38,4201.19,5687.82,7.62,34.405289,-119.557896,4,3.2,1.6,,,,In_B In_C In_D Off_A Off_B Off_C Off_D,In_C In_D Off_A Off_B Off_D
60819,In_D,A69-1601-62005,5/21/2020 8:41,5024.53,5468.53,6.705,34.403313,-119.548941,9,3.4,1.8,,,,In_D In_E Off_E Off_F OS2 PB,In_E Off_E Off_F OS2 PB
60822,Ref01,A69-1601-65105,5/21/2020 8:42,4719.16,4983.28,9.144,34.398938,-119.552262,8,3.8,6.2,,,,In_D In_E Off_C Off_D Off_E Off_F OS2 PB,In_D Off_C Off_D Off_E Off_F OS2
60827,Off_E,A69-1601-62004,5/21/2020 8:45,4786.87,5097.54,6.096,34.399968,-119.551526,9,3.1,1.9,,,,In_D In_E Off_D Off_E Off_F OS2 PB,In_D In_E Off_D Off_F OS2
60832,Off_C,A69-1601-62644,5/21/2020 8:47,4204.61,5688.66,7.62,34.405297,-119.557859,1,5.5,2.5,,,,In_B In_C Off_C Off_D,In_B In_C Off_D
60837,In_D,A69-1601-62005,5/21/2020 8:51,5023.73,5466.28,6.705,34.403292,-119.54895,8,3.3,0.6,,,,In_D In_E Off_D Off_E OS2 PB,In_E Off_D Off_E OS2 PB
60839,Ref01,A69-1601-65105,5/21/2020 8:53,4714.29,4978.67,9.144,34.398897,-119.552315,9,5.8,0.7,,,,In_E In_F Off_E Off_F PB,In_E In_F Off_E Off_F PB
60842,Off_E,A69-1601-62004,5/21/2020 8:56,4785.68,5096.29,6.096,34.399957,-119.551539,1,5.8,0.3,,,,In_D In_E Off_E PB,In_D In_E PB
60843,In_D,A69-1601-62005,5/21/2020 9:00,5025.86,5469.49,6.705,34.403321,-119.548927,2,4.2,3.3,,,,In_D In_E In_F OS2 PB,In_E In_F OS2 PB
60845,Ref01,A69-1601-65105,5/21/2020 9:03,4717.13,4981.05,9.144,34.398918,-119.552284,6,4.7,3.1,,,,In_C In_D In_E In_F Off_C Off_D Off_E Off_F OS2 PB,In_F Off_C Off_D Off_E Off_F OS2
60848,Off_A,A69-1601-62648,5/21/2020 9:12,3479.82,6125.48,6.4,34.409234,-119.565743,1,6.6,2.5,,,,In_A Off_A Off_B OS1,In_A Off_B OS1
60849,Ref01,A69-1601-65105,5/21/2020 9:13,4716.91,4981.14,9.144,34.398919,-119.552287,10,3.8,3.1,,,,In_C In_D In_E Off_C Off_E Off_F OS2 PB,In_D In_E Off_C Off_E Off_F OS2
60857,In_B,A69-1601-62002,5/21/2020 9:17,4188.19,6251.93,6.096,34.410374,-119.558038,2,4.3,0.9,,,,In_B In_C Off_A Off_B OS1,In_C Off_A Off_B OS1
60858,Off_C,A69-1601-62644,5/21/2020 9:17,4203.96,5689.36,7.62,34.405303,-119.557866,9,3.0,1.9,,,,In_B In_C Off_B Off_C Off_D OS2,In_B In_C Off_B Off_D OS2
60860,In_F,A69-1601-62000,5/21/2020 9:17,5602.63,4868.83,6.096,34.397906,-119.542654,1,3.7,1.0,,,,CN In_E In_F Off_G,CN In_E Off_G
60869,Off_C,A69-1601-62644,5/21/2020 9:26,4202.66,5687.46,7.62,34.405286,-119.55788,1,8.5,1.7,,,,In_B In_C Off_B Off_C,In_B In_C Off_B
60878,Ref01,A69-1601-65105,5/21/2020 9:33,4717.4,4981.5,9.144,34.398922,-119.552281,5,5.0,3.7,,,,In_B In_D In_E In_F Off_C Off_D Off_E Off_F OS2 PB,In_F Off_C Off_D Off_E Off_F OS2
60882,Off_E,A69-1601-62004,5/21/2020 9:35,4788.4,5097.92,6.096,34.399972,-119.551509,1,3.6,3.4,,,,In_D Off_D Off_E PB,In_D Off_D PB
60885,In_D,A69-1601-62005,5/21/2020 9:38,5023.97,5466.72,6.705,34.403296,-119.548947,2,5.0,0.1,,,,In_D In_E Off_C Off_D OS2,In_E Off_C Off_D OS2
60889,Ref01,A69-1601-65105,5/21/2020 9:43,4717.05,4980.9,9.144,34.398917,-119.552285,5,5.0,3.0,,,,In_D In_E In_F Off_B Off_C Off_D Off_E Off_F OS2 PB,In_F Off_C Off_D Off_E Off_F OS2
60894,In_B,A69-1601-62002,5/21/2020 9:46,4190.16,6243.79,6.096,34.410301,-119.558017,1,8.2,9.3,,,,In_B In_C Off_B Off_C,In_C Off_B Off_C
60896,In_D,A69-1601-62005,5/21/2020 9:47,5024.8,5466.11,6.705,34.403291,-119.548938,4,3.6,1.1,,,,In_C In_D In_E In_F Off_D OS2,In_C In_E In_F Off_D OS2
60905,Ref01,A69-1601-65105,5/21/2020 9:53,4716.8,4980.74,9.144,34.398915,-119.552288,6,4.7,2.7,,,,In_C In_D In_E In_F Off_B Off_C Off_D Off_E Off_F OS2 PB,In_F Off_C Off_D Off_E Off_F OS2
60906,Off_E,A69-1601-62004,5/21/2020 9:54,4784.27,5094.69,6.096,34.399943,-119.551554,5,3.8,1.9,,,,In_D In_E In_F Off_D Off_E OS2 PB,In_D In_E In_F Off_D OS2
60914,In_D,A69-1601-62005,5/21/2020 9:57,5023.62,5466.38,6.705,34.403293,-119.548951,6,3.4,0.6,,,,In_C In_D In_E Off_C Off_D Off_E OS2 PB,In_E Off_C Off_D Off_E OS2
60924,Off_E,A69-1601-62004,5/21/2020 10:03,4784.36,5096.04,6.096,34.399955,-119.551553,1,5.8,1.1,,,,In_D In_E Off_E PB,In_D In_E PB
60926,Ref01,A69-1601-65105,5/21/2020 10:04,4714.95,4978.36,9.144,34.398894,-119.552308,6,4.7,0.4,,,,In_D In_F Off_B Off_C Off_D Off_E Off_F OS2 PB,In_F Off_C Off_D Off_E Off_F OS2
60927,Off_A,A69-1601-62648,5/21/2020 10:04,3487.97,6127.48,6.4,34.409252,-119.565654,2,6.6,5.9,,,,In_A In_B Off_A Off_B Off_C,In_A In_B Off_B Off_C
60928,Off_C,A69-1601-62644,5/21/2020 10:05,4204.3,5689.42,7.62,34.405304,-119.557862,4,3.3,2.2,,,,In_C Off_B Off_C Off_D OS2,In_C Off_B Off_D OS2
60930,In_B,A69-1601-62002,5/21/2020 10:05,4187.41,6249.8,6.096,34.410355,-119.558046,7,3.6,3.2,,,,In_A In_B In_C Off_A Off_B Off_C,In_A In_C Off_A Off_B Off_C
60937,In_D,A69-1601-62005,5/21/2020 10:08,5024.13,5466.92,6.705,34.403298,-119.548946,3,3.4,0.2,,,,In_D In_E In_F Off_C Off_E Off_F OS2,In_E In_F Off_C Off_E OS2
60947,Ref01,A69-1601-65105,5/21/2020 10:13,4716.24,4980.0,9.144,34.398909,-119.552294,8,3.8,1.8,,,,In_D In_E Off_C Off_D Off_E Off_F OS2 PB,In_D Off_C Off_D Off_E Off_F OS2
60948,In_F,A69-1601-62000,5/21/2020 10:13,5609.21,4862.48,6.096,34.397849,-119.542583,1,50.6,8.9,,,,In_E In_F Off_E PB,In_E Off_E PB
60951,Off_C,A69-1601-62644,5/21/2020 10:14,4203.78,5690.01,7.62,34.405309,-119.557868,3,4.2,1.9,,,,In_B In_C Off_B Off_C OS2,In_B In_C Off_B OS2
60953,In_B,A69-1601-62002,5/21/2020 10:16,4189.08,6247.76,6.096,34.410337,-119.558028,1,8.3,5.2,,,,In_B In_C Off_B Off_C,In_C Off_B Off_C
60967,Ref01,A69-1601-65105,5/21/2020 10:22,4714.52,4978.24,9.144,34.398893,-119.552313,6,4.7,0.7,,,,In_D In_E In_F Off_C Off_D Off_E Off_F OS2 PB,In_F Off_C Off_D Off_E Off_F OS2
60972,Off_A,A69-1601-62648,5/21/2020 10:24,3483.55,6124.91,6.4,34.409229,-119.565702,1,6.5,2.2,,,,In_A Off_A Off_B Off_C OS1,In_A Off_B OS1
60973,Off_C,A69-1601-62644,5/21/2020 10:25,4202.1,5688.3,7.62,34.405293,-119.557886,7,3.0,0.8,,,,In_B In_C Off_A Off_B Off_C Off_D,In_B In_C Off_A Off_B Off_D
60976,In_B,A69-1601-62002,5/21/2020 10:26,4184.59,6246.24,6.096,34.410323,-119.558077,5,5.3,7.5,,,,In_A In_B Off_A Off_B Off_C OS1,In_A Off_A Off_B Off_C OS1
60989,Ref01,A69-1601-65105,5/21/2020 10:33,4715.69,4979.5,9.144,34.398904,-119.5523,9,4.0,1.0,,,,In_C In_D In_F Off_D Off_E Off_F OS2 PB,In_D In_F Off_D Off_E Off_F OS2
60990,In_F,A69-1601-62000,5/21/2020 10:33,5596.84,4868.91,6.096,34.397907,-119.542717,1,31.3,5.4,,,,In_E In_F Off_E Off_F,In_E Off_E Off_F
60991,Off_E,A69-1601-62004,5/21/2020 10:33,4785.59,5096.5,6.096,34.399959,-119.55154,7,3.1,0.3,,,,In_D In_F Off_D Off_E Off_F PB,In_D In_F Off_D Off_F PB
60992,Off_C,A69-1601-62644,5/21/2020 10:34,4204.8,5691.86,7.62,34.405326,-119.557857,1,5.5,3.9,,,,In_B Off_B Off_C OS2,In_B Off_B OS2
60995,In_A,A69-1601-62649,5/21/2020 10:36,3497.05,6593.61,3.657,34.413454,-119.565556,1,20.8,3.9,,,,In_A In_B Off_A Off_B,In_B Off_A Off_B
60997,In_B,A69-1601-62002,5/21/2020 10:36,4187.44,6250.23,6.096,34.410359,-119.558046,3,3.9,2.7,,,,In_A In_B In_C Off_B Off_C,In_A In_C Off_B Off_C
61001,In_D,A69-1601-62005,5/21/2020 10:39,5023.41,5462.87,6.705,34.403262,-119.548953,1,13.5,4.0,,,,In_D In_E Off_E Off_F,In_E Off_E Off_F
61007,Ref01,A69-1601-65105,5/21/2020 10:42,4716.08,4979.99,9.144,34.398909,-119.552296,8,3.8,1.6,,,,In_C In_D In_E Off_B Off_C Off_D Off_E Off_F OS2 PB,In_D Off_C Off_D Off_E Off_F OS2
61012,Off_C,A69-1601-62644,5/21/2020 10:44,4200.91,5687.6,7.62,34.405287,-119.557899,9,3.0,1.9,,,,In_B In_C Off_B Off_C Off_D OS2,In_B In_C Off_B Off_D OS2
61013,Off_E,A69-1601-62004,5/21/2020 10:44,4785.99,5096.84,6.096,34.399962,-119.551536,9,3.1,0.8,,,,In_D In_E Off_D Off_E Off_F OS2 PB,In_D In_E Off_D Off_F OS2
61017,In_B,A69-1601-62002,5/21/2020 10:46,4186.13,6252.63,6.096,34.410381,-119.55806,3,7.5,2.1,,,,In_B In_C Off_B Off_C Off_D,In_C Off_B Off_C Off_D
61024,Ref01,A69-1601-65105,5/21/2020 10:51,4715.66,4978.89,9.144,34.398899,-119.5523,6,4.7,0.7,,,,In_C In_D In_E In_F Off_C Off_D Off_E Off_F OS2 PB,In_F Off_C Off_D Off_E Off_F OS2
61029,Off_E,A69-1601-62004,5/21/2020 10:54,4783.71,5096.81,6.096,34.399962,-119.55156,1,13.1,1.8,,,,In_E Off_E Off_F PB,In_E Off_F PB
61033,In_A,A69-1601-62649,5/21/2020 10:56,3500.8,6589.6,3.657,34.413418,-119.565515,1,20.3,9.1,,,,In_A In_B Off_A Off_B,In_B Off_A Off_B
61037,In_D,A69-1601-62005,5/21/2020 10:59,5024.34,5467.08,6.705,34.4033,-119.548943,10,3.4,0.5,,,,In_D In_E Off_D Off_F OS2 PB,In_E Off_D Off_F OS2 PB
61040,Off_G,A69-1601-62001,5/21/2020 11:00,5386.84,4478.42,7.62,34.394387,-119.545001,1,12.5,4.0,,,,In_E In_F Off_G PB,In_E In_F PB
61041,Ref01,A69-1601-65105,5/21/2020 11:00,4717.81,4981.99,9.144,34.398927,-119.552277,8,3.8,4.3,,,,In_D In_E Off_B Off_C Off_D Off_E Off_F OS2 PB,In_D Off_C Off_D Off_E Off_F OS2
61046,Off_E,A69-1601-62004,5/21/2020 11:03,4785.98,5096.54,6.096,34.399959,-119.551536,9,2.9,0.6,,,,In_D In_E Off_D Off_E OS2 PB,In_D In_E Off_D OS2 PB
61047,Off_C,A69-1601-62644,5/21/2020 11:03,4200.71,5687.36,7.62,34.405285,-119.557901,2,3.3,2.2,,,,In_C Off_A Off_B Off_C Off_D,In_C Off_A Off_B Off_D
61048,In_B,A69-1601-62002,5/21/2020 11:04,4189.76,6254.67,6.096,34.410399,-119.558021,2,5.6,2.4,,,,In_B In_C Off_A Off_B Off_C,In_C Off_A Off_B Off_C
61051,Off_A,A69-1601-62648,5/21/2020 11:05,3478.0,6121.59,6.4,34.409199,-119.565762,1,8.6,6.5,,,,In_A In_B Off_A Off_C,In_A In_B Off_C
61057,In_D,A69-1601-62005,5/21/2020 11:09,5024.99,5468.05,6.705,34.403308,-119.548936,7,3.2,1.6,,,,In_C In_D In_E Off_D Off_E OS2,In_C In_E Off_D Off_E OS2
61058,Ref01,A69-1601-65105,5/21/2020 11:10,4715.64,4978.96,9.144,34.398899,-119.5523,6,4.7,0.7,,,,In_C In_D In_E In_F Off_B Off_C Off_D Off_E Off_F OS2 PB,In_F Off_C Off_D Off_E Off_F OS2
61065,Off_E,A69-1601-62004,5/21/2020 11:13,4785.02,5095.33,6.096,34.399948,-119.551546,3,3.9,1.0,,,,In_E Off_E Off_F OS2 PB,In_E Off_F OS2 PB
61077,In_D,A69-1601-62005,5/21/2020 11:20,5025.01,5468.1,6.705,34.403309,-119.548936,6,3.4,1.7,,,,In_D In_E Off_C Off_D Off_E OS2,In_E Off_C Off_D Off_E OS2
61078,Ref01,A69-1601-65105,5/21/2020 11:20,4716.83,4980.18,9.144,34.39891,-119.552288,6,4.7,2.3,,,,In_C In_D In_E In_F Off_C Off_D Off_E Off_F OS2 PB,In_F Off_C Off_D Off_E Off_F OS2
61082,In_B,A69-1601-62002,5/21/2020 11:23,4187.95,6252.07,6.096,34.410376,-119.558041,2,3.7,0.8,,,,In_A In_B In_C Off_B OS1,In_A In_C Off_B OS1
61084,Off_E,A69-1601-62004,5/21/2020 11:23,4787.44,5097.04,6.096,34.399964,-119.55152,9,3.1,2.2,,,,In_D In_E Off_D Off_E Off_F OS2 PB,In_D In_E Off_D Off_F OS2
61087,Off_C,A69-1601-62644,5/21/2020 11:24,4202.91,5689.1,7.62,34.405301,-119.557877,1,6.0,0.8,,,,In_B Off_C Off_D OS2,In_B Off_D OS2
61093,Ref01,A69-1601-65105,5/21/2020 11:29,4718.41,4982.53,9.144,34.398931,-119.55227,5,4.0,5.1,,,,In_C In_D In_E In_F Off_C Off_D Off_E Off_F PB,In_D In_F Off_C Off_D Off_E Off_F
61096,In_D,A69-1601-62005,5/21/2020 11:31,5025.79,5469.27,6.705,34.403319,-119.548928,1,4.1,3.1,,,,In_D In_E Off_E OS2,In_E Off_E OS2
61098,In_B,A69-1601-62002,5/21/2020 11:32,4188.01,6253.91,6.096,34.410392,-119.55804,7,3.5,1.1,,,,In_B In_C Off_A Off_B Off_C OS1,In_C Off_A Off_B Off_C OS1
61100,Off_E,A69-1601-62004,5/21/2020 11:33,4786.66,5096.91,6.096,34.399963,-119.551528,9,2.8,1.4,,,,In_D In_E Off_D Off_E Off_F PB,In_D In_E Off_D Off_F PB
61103,Off_C,A69-1601-62644,5/21/2020 11:35,4201.89,5689.58,7.62,34.405305,-119.557888,7,3.1,0.5,,,,In_B In_C Off_B Off_C Off_D Off_E OS2,In_C Off_B Off_D Off_E OS2
61108,Ref01,A69-1601-65105,5/21/2020 11:39,4716.91,4980.14,9.144,34.39891,-119.552287,6,4.7,2.4,,,,In_B In_C In_D In_E In_F Off_C Off_D Off_E Off_F OS2 PB,In_F Off_C Off_D Off_E Off_F OS2
61113,In_B,A69-1601-62002,5/21/2020 11:42,4188.02,6253.45,6.096,34.410388,-119.55804,1,4.9,0.6,,,,In_B Off_B OS1 OS2,Off_B OS1 OS2
61114,Off_E,A69-1601-62004,5/21/2020 11:42,4786.99,5097.13,6.096,34.399965,-119.551525,9,2.8,1.8,,,,In_D In_E Off_D Off_E Off_F PB,In_D In_E Off_D Off_F PB
61118,Off_A,A69-1601-62648,5/21/2020 11:45,3484.07,6128.18,6.4,34.409258,-119.565696,2,8.9,2.5,,,,In_A In_B In_C Off_A Off_B,In_A In_B In_C Off_B
61123,Ref01,A69-1601-65105,5/21/2020 11:48,4716.69,4980.11,9.144,34.39891,-119.552289,6,4.7,2.2,,,,In_C In_D In_E In_F Off_B Off_C Off_D Off_E Off_F OS2 PB,In_F Off_C Off_D Off_E Off_F OS2
61130,In_B,A69-1601-62002,5/21/2020 11:52,4187.97,6253.12,6.096,34.410385,-119.55804,7,3.5,0.3,,,,In_A In_B In_C Off_A Off_B Off_C OS1,In_C Off_A Off_B Off_C OS1
61131,In_D,A69-1601-62005,5/21/2020 11:53,5025.15,5467.51,6.705,34.403303,-119.548934,9,3.3,1.4,,,,In_D In_E Off_D Off_E Off_F OS2 PB,In_E Off_D Off_E Off_F OS2
61132,Off_E,A69-1601-62004,5/21/2020 11:53,4786.16,5096.76,6.096,34.399961,-119.551534,9,3.1,0.9,,,,In_D In_E Off_D Off_E Off_F OS2 PB,In_D In_E Off_D Off_F OS2
61136,Off_C,A69-1601-62644,5/21/2020 11:54,4202.08,5688.99,7.62,34.4053,-119.557886,9,3.0,0.1,,,,In_B In_C Off_B Off_C Off_D OS2,In_B In_C Off_B Off_D OS2
61138,Off_A,A69-1601-62648,5/21/2020 11:55,3485.97,6128.22,6.4,34.409258,-119.565676,5,6.4,4.2,,,,In_A In_B In_C Off_A Off_B Off_C,In_A In_B In_C Off_B Off_C
61141,Off_G,A69-1601-62001,5/21/2020 11:56,5387.02,4470.89,7.62,34.394319,-119.544999,1,15.9,11.4,,,,In_E In_F Off_F Off_G,In_E In_F Off_F
61144,Ref01,A69-1601-65105,5/21/2020 11:59,4715.7,4979.05,9.144,34.3989,-119.5523,6,4.7,0.8,,,,In_C In_D In_E In_F Off_C Off_D Off_E Off_F Off_G OS2 PB,In_F Off_C Off_D Off_E Off_F OS2
61149,In_B,A69-1601-62002,5/21/2020 12:02,4187.78,6252.71,6.096,34.410382,-119.558042,7,3.5,0.4,,,,In_A In_B In_C Off_A Off_B Off_C OS1,In_C Off_A Off_B Off_C OS1
61150,Off_E,A69-1601-62004,5/21/2020 12:02,4786.05,5096.99,6.096,34.399963,-119.551535,8,3.3,1.0,,,,In_D In_E Off_C Off_E Off_F OS2 PB,In_D In_E Off_C Off_F OS2
61151,In_D,A69-1601-62005,5/21/2020 12:03,5023.13,5465.91,6.705,34.403289,-119.548956,2,4.0,1.2,,,,In_C In_D In_E OS2 PB,In_C In_E OS2 PB
61154,Off_A,A69-1601-62648,5/21/2020 12:05,3483.61,6127.99,6.4,34.409256,-119.565701,2,6.7,2.1,,,,In_A In_B Off_A Off_B Off_C,In_A In_B Off_B Off_C
61159,Ref01,A69-1601-65105,5/21/2020 12:08,4720.11,4982.0,9.144,34.398927,-119.552252,11,5.4,6.1,,,,In_D In_E In_F Off_E Off_F Off_G PB,In_D In_E In_F Off_E Off_F Off_G
61164,In_B,A69-1601-62002,5/21/2020 12:12,4187.82,6253.69,6.096,34.41039,-119.558042,7,3.5,0.9,,,,In_B In_C Off_A Off_B Off_C OS1,In_C Off_A Off_B Off_C OS1
61165,Off_E,A69-1601-62004,5/21/2020 12:13,4785.43,5096.15,6.096,34.399956,-119.551542,8,3.0,0.1,,,,In_D In_E Off_C Off_E Off_F PB,In_D In_E Off_C Off_F PB
61166,In_D,A69-1601-62005,5/21/2020 12:13,5025.21,5465.65,6.705,34.403287,-119.548934,3,6.3,1.7,,,,In_D Off_C Off_D Off_E OS2 PB,Off_C Off_D Off_E OS2 PB
61168,Off_C,A69-1601-62644,5/21/2020 12:14,4201.42,5688.43,7.62,34.405295,-119.557894,7,3.0,1.0,,,,In_B In_C In_D Off_A Off_B Off_C Off_D OS2,In_C Off_A Off_B Off_D OS2
61170,Off_A,A69-1601-62648,5/21/2020 12:15,3483.24,6127.72,6.4,34.409254,-119.565705,2,6.7,1.6,,,,In_A In_B Off_A Off_B Off_C,In_A In_B Off_B Off_C
61176,Ref01,A69-1601-65105,5/21/2020 12:19,4718.35,4982.37,9.144,34.39893,-119.552271,8,3.8,4.9,,,,In_B In_C In_D In_E Off_B Off_C Off_D Off_E Off_F OS2 PB,In_D Off_C Off_D Off_E Off_F OS2
61180,Off_E,A69-1601-62004,5/21/2020 12:23,4787.11,5096.75,6.096,34.399961,-119.551523,9,3.1,1.8,,,,In_D In_E Off_D Off_E Off_F OS2 PB,In_D In_E Off_D Off_F OS2
61182,Off_C,A69-1601-62644,5/21/2020 12:23,4202.06,5688.99,7.62,34.4053,-119.557887,2,5.0,0.1,,,,In_D Off_B Off_C Off_D OS2,In_D Off_B Off_D OS2
61183,In_D,A69-1601-62005,5/21/2020 12:23,5024.65,5467.76,6.705,34.403306,-119.54894,6,3.4,1.2,,,,In_C In_D In_E Off_C Off_D Off_E OS2,In_E Off_C Off_D Off_E OS2
61191,Ref01,A69-1601-65105,5/21/2020 12:28,4718.02,4982.02,9.144,34.398927,-119.552275,8,3.8,4.5,,,,In_C In_D In_E Off_C Off_D Off_E Off_F OS2 PB,In_D Off_C Off_D Off_E Off_F OS2
61195,Off_C,A69-1601-62644,5/21/2020 12:32,4202.19,5689.41,7.62,34.405303,-119.557885,8,3.1,0.3,,,,In_B In_C In_D Off_B Off_C Off_D,In_B In_C In_D Off_B Off_D
61197,In_B,A69-1601-62002,5/21/2020 12:33,4186.72,6253.05,6.096,34.410385,-119.558054,4,4.9,1.5,,,,In_B In_C Off_A Off_B Off_C Off_D OS1,Off_A Off_B Off_C Off_D OS1
61199,In_D,A69-1601-62005,5/21/2020 12:33,5025.72,5466.56,6.705,34.403295,-119.548928,1,4.6,1.8,,,,In_D In_F Off_E OS2,In_F Off_E OS2
61200,Off_E,A69-1601-62004,5/21/2020 12:33,4786.01,5095.81,6.096,34.399953,-119.551535,4,4.7,0.7,,,,In_D In_E Off_E Off_F PB,In_D In_E Off_F PB
61206,Ref01,A69-1601-65105,5/21/2020 12:39,4715.06,4978.85,9.144,34.398898,-119.552307,6,4.7,0.1,,,,In_B In_C In_D In_E In_F Off_C Off_D Off_E Off_F OS2 PB,In_F Off_C Off_D Off_E Off_F OS2
61209,Off_C,A69-1601-62644,5/21/2020 12:41,4202.39,5689.28,7.62,34.405302,-119.557883,7,3.0,0.3,,,,In_B In_C Off_A Off_B Off_C Off_D OS2,In_C Off_A Off_B Off_D OS2
61213,In_B,A69-1601-62002,5/21/2020 12:43,4187.49,6256.55,6.096,34.410416,-119.558046,1,8.7,3.8,,,,In_B In_C Off_B Off_C,In_C Off_B Off_C
61215,Off_E,A69-1601-62004,5/21/2020 12:44,4785.92,5095.73,6.096,34.399952,-119.551536,8,3.4,0.7,,,,In_D In_E Off_E Off_F OS2 PB,In_D In_E Off_F OS2 PB
61216,In_D,A69-1601-62005,5/21/2020 12:44,5023.75,5465.67,6.705,34.403287,-119.54895,6,3.4,1.2,,,,In_D In_E Off_C Off_D Off_E OS2 PB,In_E Off_C Off_D Off_E OS2
61219,Off_A,A69-1601-62648,5/21/2020 12:47,3482.4,6127.25,6.4,34.40925,-119.565715,2,6.7,0.7,,,,In_A In_B Off_A Off_B Off_C,In_A In_B Off_B Off_C
61221,Ref01,A69-1601-65105,5/21/2020 12:48,4715.47,4978.99,9.144,34.3989,-119.552302,5,5.0,0.6,,,,In_C In_D In_E In_F Off_C Off_D Off_E Off_F Off_G OS2 PB,In_F Off_C Off_D Off_E Off_F OS2
61223,Off_C,A69-1601-62644,5/21/2020 12:50,4202.29,5689.44,7.62,34.405304,-119.557884,8,3.1,0.4,,,,In_B In_C In_D Off_B Off_C Off_D,In_B In_C In_D Off_B Off_D
61228,Off_E,A69-1601-62004,5/21/2020 12:53,4787.15,5095.33,6.096,34.399948,-119.551523,1,7.4,1.9,,,,In_D Off_E Off_F PB,In_D Off_F PB
61231,In_B,A69-1601-62002,5/21/2020 12:54,4189.6,6256.95,6.096,34.41042,-119.558023,1,6.4,4.3,,,,In_B In_C Off_A Off_C,In_C Off_A Off_C
61234,In_D,A69-1601-62005,5/21/2020 12:55,5023.65,5465.97,6.705,34.40329,-119.548951,6,3.4,0.9,,,,In_D In_E Off_C Off_D Off_E OS2,In_E Off_C Off_D Off_E OS2
61238,Off_G,A69-1601-62001,5/21/2020 12:57,5386.45,4484.75,7.62,34.394444,-119.545005,2,10.0,2.7,,,,In_E In_F Off_F Off_G PB,In_E In_F Off_F PB
61242,Ref01,A69-1601-65105,5/21/2020 12:58,4714.92,4978.68,9.144,34.398897,-119.552308,5,5.0,0.1,,,,In_C In_D In_E In_F Off_C Off_D Off_E Off_F OS2 PB,In_F Off_C Off_D Off_E Off_F OS2
61246,Off_C,A69-1601-62644,5/21/2020 13:00,4202.03,5689.51,7.62,34.405304,-119.557887,7,3.0,0.4,,,,In_B In_C Off_A Off_B Off_C Off_D OS2,In_C Off_A Off_B Off_D OS2
61251,Off_E,A69-1601-62004,5/21/2020 13:03,4784.75,5094.75,6.096,34.399943,-119.551549,8,3.2,1.6,,,,In_D In_E In_F Off_D Off_E Off_F OS2,In_D In_F Off_D Off_F OS2
61255,In_D,A69-1601-62005,5/21/2020 13:06,5024.73,5468.06,6.705,34.403308,-119.548939,4,3.8,1.5,,,,In_D In_E Off_D OS2 PB,In_E Off_D OS2 PB
61256,Off_A,A69-1601-62648,5/21/2020 13:06,3480.58,6127.47,6.4,34.409252,-119.565734,1,6.5,1.8,,,,In_A Off_A Off_B OS1,In_A Off_B OS1
61257,Off_G,A69-1601-62001,5/21/2020 13:07,5384.33,4481.94,7.62,34.394419,-119.545029,1,15.0,1.3,,,,In_E In_F Off_F Off_G,In_E In_F Off_F
61261,Ref01,A69-1601-65105,5/21/2020 13:09,4715.14,4978.93,9.144,34.398899,-119.552306,5,5.0,0.2,,,,In_B In_C In_D In_E In_F Off_C Off_D Off_E Off_F OS2 PB,In_F Off_C Off_D Off_E Off_F OS2
61262,Off_C,A69-1601-62644,5/21/2020 13:09,4202.64,5689.45,7.62,34.405304,-119.55788,7,3.0,0.6,,,,In_C Off_A Off_B Off_C Off_D OS2,In_C Off_A Off_B Off_D OS2
61264,In_F,A69-1601-62000,5/21/2020 13:10,5601.84,4867.67,6.096,34.397896,-119.542663,3,4.9,0.4,,,,CN In_E In_F Off_E PB,CN In_E Off_E PB
61268,Off_E,A69-1601-62004,5/21/2020 13:13,4785.23,5094.83,6.096,34.399944,-119.551544,3,3.9,1.4,,,,In_E Off_E Off_F OS2 PB,In_E Off_F OS2 PB
61270,In_D,A69-1601-62005,5/21/2020 13:16,5025.28,5465.06,6.705,34.403281,-119.548933,2,5.3,2.2,,,,In_D In_F Off_C Off_D OS2,In_F Off_C Off_D OS2
61275,Ref01,A69-1601-65105,5/21/2020 13:20,4714.91,4978.89,9.144,34.398899,-119.552309,8,3.9,0.1,,,,In_C In_D In_E Off_B Off_C Off_D Off_E Off_F OS2 PB,In_D Off_C Off_D Off_E Off_F OS2
61280,Off_E,A69-1601-62004,5/21/2020 13:23,4784.43,5094.71,6.096,34.399943,-119.551552,7,3.2,1.8,,,,In_D In_E In_F Off_D Off_E Off_F PB,In_D In_E In_F Off_D Off_F
61284,In_D,A69-1601-62005,5/21/2020 13:26,5022.62,5465.41,6.705,34.403285,-119.548962,1,4.1,1.9,,,,In_D In_E Off_E OS2,In_E Off_E OS2
61285,In_B,A69-1601-62002,5/21/2020 13:27,4187.88,6254.85,6.096,34.410401,-119.558041,4,3.7,2.0,,,,In_B In_C Off_B Off_C OS1,In_C Off_B Off_C OS1
61290,Off_C,A69-1601-62644,5/21/2020 13:29,4201.89,5689.86,7.62,34.405308,-119.557888,7,3.2,0.8,,,,In_C In_D Off_B Off_C Off_D OS2,In_C In_D Off_B Off_D OS2
61291,Ref01,A69-1601-65105,5/21/2020 13:30,4714.78,4978.62,9.144,34.398896,-119.55231,8,3.9,0.2,,,,In_B In_C In_D In_E Off_B Off_C Off_D Off_E Off_F OS2 PB,In_D Off_C Off_D Off_E Off_F OS2
61292,In_F,A69-1601-62000,5/21/2020 13:30,5604.51,4871.42,6.096,34.39793,-119.542634,3,4.7,4.2,,,,CN In_D In_F Off_E Off_F,CN In_D Off_E Off_F
61296,Off_A,A69-1601-62648,5/21/2020 13:33,3485.62,6128.14,6.4,34.409258,-119.56568,3,5.7,3.8,,,,In_A In_B Off_A Off_B OS1,In_A In_B Off_B OS1
61302,In_B,A69-1601-62002,5/21/2020 13:38,4188.14,6254.61,6.096,34.410399,-119.558039,2,5.6,1.8,,,,In_B In_C Off_A Off_B Off_C,In_C Off_A Off_B Off_C
61304,Off_C,A69-1601-62644,5/21/2020 13:40,4201.88,5689.05,7.62,34.4053,-119.557889,7,3.0,0.2,,,,In_B In_C Off_A Off_B Off_C Off_D,In_B In_C Off_A Off_B Off_D
61308,Off_E,A69-1601-62004,5/21/2020 13:42,4784.33,5095.07,6.096,34.399946,-119.551554,4,3.3,1.6,,,,In_D In_E In_F Off_C Off_D Off_E Off_F PB,In_D In_F Off_C Off_D Off_F
61309,Off_A,A69-1601-62648,5/21/2020 13:42,3485.46,6129.32,6.4,34.409268,-119.565681,1,8.8,4.3,,,,In_A In_B Off_A Off_B,In_A In_B Off_B
61313,In_D,A69-1601-62005,5/21/2020 13:46,5024.51,5465.98,6.705,34.40329,-119.548941,7,3.1,1.0,,,,In_C In_D In_E Off_D Off_E OS2,In_C In_E Off_D Off_E OS2
61314,Ref01,A69-1601-65105,5/21/2020 13:48,4715.57,4979.25,9.144,34.398902,-119.552301,8,3.9,0.8,,,,In_B In_C In_D In_E Off_C Off_D Off_E Off_F OS2 PB,In_D Off_C Off_D Off_E Off_F OS2
61315,In_B,A69-1601-62002,5/21/2020 13:48,4187.66,6251.16,6.096,34.410368,-119.558044,7,3.5,1.8,,,,In_B In_C Off_A Off_B Off_C OS1,In_C Off_A Off_B Off_C OS1
61316,Off_C,A69-1601-62644,5/21/2020 13:50,4201.84,5689.37,7.62,34.405303,-119.557889,4,3.3,0.4,,,,In_B In_C Off_B Off_C Off_D,In_B In_C Off_B Off_D
61320,Off_E,A69-1601-62004,5/21/2020 13:52,4785.56,5096.2,6.096,34.399956,-119.55154,9,3.1,0.1,,,,In_D In_E Off_D Off_E Off_F OS2 PB,In_D In_E Off_D Off_F OS2
61326,In_D,A69-1601-62005,5/21/2020 13:57,5023.87,5465.6,6.705,34.403286,-119.548948,4,3.5,1.2,,,,In_D In_E Off_D Off_E OS2,In_E Off_D Off_E OS2
61327,Ref01,A69-1601-65105,5/21/2020 13:57,4716.1,4979.75,9.144,34.398906,-119.552296,6,4.7,1.5,,,,In_C In_D In_E In_F Off_B Off_C Off_D Off_E Off_F OS2 PB,In_F Off_C Off_D Off_E Off_F OS2
61330,In_B,A69-1601-62002,5/21/2020 13:59,4187.55,6253.15,6.096,34.410386,-119.558045,7,3.5,0.7,,,,In_B In_C Off_A Off_B Off_C OS1,In_C Off_A Off_B Off_C OS1
61333,Off_C,A69-1601-62644,5/21/2020 14:00,4202.3,5689.66,7.62,34.405306,-119.557884,7,3.0,0.6,,,,In_B In_C Off_A Off_B Off_C Off_D OS2,In_C Off_A Off_B Off_D OS2
61336,Off_A,A69-1601-62648,5/21/2020 14:01,3481.32,6125.86,6.4,34.409237,-119.565726,3,5.8,1.1,,,,In_A In_B Off_A Off_B OS1,In_A In_B Off_B OS1
61340,Ref01,A69-1601-65105,5/21/2020 14:06,4716.38,4980.5,9.144,34.398913,-119.552292,5,5.0,2.2,,,,In_C In_D In_E In_F Off_B Off_C Off_D Off_E Off_F OS2 PB,In_F Off_C Off_D Off_E Off_F OS2
61342,In_D,A69-1601-62005,5/21/2020 14:07,5023.52,5465.32,6.705,34.403284,-119.548952,1,5.0,1.5,,,,In_D In_E Off_D OS2,In_E Off_D OS2
61344,In_B,A69-1601-62002,5/21/2020 14:09,4188.07,6252.87,6.096,34.410383,-119.558039,2,4.3,0.1,,,,In_B In_C Off_A Off_B OS1,In_C Off_A Off_B OS1
61346,Off_C,A69-1601-62644,5/21/2020 14:09,4201.93,5689.59,7.62,34.405305,-119.557888,4,3.3,0.5,,,,In_B In_C Off_B Off_C Off_D,In_B In_C Off_B Off_D
61348,In_F,A69-1601-62000,5/21/2020 14:10,5600.73,4866.73,6.096,34.397887,-119.542675,4,3.3,1.9,,,,CN In_E In_F Off_G PB,CN In_E Off_G PB
61350,Off_E,A69-1601-62004,5/21/2020 14:11,4785.72,5095.15,6.096,34.399947,-119.551538,1,3.9,1.1,,,,In_D Off_D Off_E Off_F,In_D Off_D Off_F
61356,Ref01,A69-1601-65105,5/21/2020 14:16,4715.76,4979.65,9.144,34.398906,-119.552299,9,4.0,1.2,,,,In_B In_C In_D In_E In_F Off_D Off_E Off_F OS2 PB,In_D In_F Off_D Off_E Off_F OS2
61360,In_B,A69-1601-62002,5/21/2020 14:19,4188.15,6253.18,6.096,34.410386,-119.558038,7,3.5,0.3,,,,In_B In_C Off_A Off_B Off_C OS1,In_C Off_A Off_B Off_C OS1
61363,Off_A,A69-1601-62648,5/21/2020 14:21,3483.56,6128.1,6.4,34.409257,-119.565702,1,6.5,2.1,,,,In_A Off_A Off_B OS1,In_A Off_B OS1
61364,Off_E,A69-1601-62004,5/21/2020 14:21,4785.68,5096.41,6.096,34.399958,-119.551539,9,3.1,0.3,,,,In_D In_E Off_D Off_E Off_F OS2 PB,In_D In_E Off_D Off_F OS2
61370,Ref01,A69-1601-65105,5/21/2020 14:26,4715.55,4979.58,9.144,34.398905,-119.552301,5,5.0,1.0,,,,In_B In_C In_D In_E In_F Off_B Off_C Off_D Off_E Off_F OS2 PB,In_F Off_C Off_D Off_E Off_F OS2
61375,In_D,A69-1601-62005,5/21/2020 14:28,5025.41,5465.95,6.705,34.403289,-119.548932,2,6.8,1.7,,,,In_C In_D Off_D Off_E OS2,In_C Off_D Off_E OS2
61377,In_B,A69-1601-62002,5/21/2020 14:29,4186.22,6252.68,6.096,34.410381,-119.558059,1,21.5,2.0,,,,In_B Off_A Off_B OS1,Off_A Off_B OS1
61380,Off_A,A69-1601-62648,5/21/2020 14:32,3481.78,6126.5,6.4,34.409243,-119.565721,5,5.2,0.3,,,,In_A In_B Off_A Off_B Off_C OS1,In_A In_B Off_B Off_C OS1
61382,Off_E,A69-1601-62004,5/21/2020 14:32,4789.56,5097.86,6.096,34.399971,-119.551497,7,3.2,4.4,,,,In_D Off_C Off_D Off_E Off_F OS2,In_D Off_C Off_D Off_F OS2
61388,Ref01,A69-1601-65105,5/21/2020 14:36,4714.97,4979.02,9.144,34.3989,-119.552308,5,5.5,0.2,,,,In_D In_F Off_B Off_C Off_D Off_E OS2 PB,In_D In_F Off_C Off_D Off_E OS2
61392,In_B,A69-1601-62002,5/21/2020 14:38,4188.02,6252.87,6.096,34.410383,-119.55804,7,3.5,0.2,,,,In_B In_C Off_A Off_B Off_C OS1,In_C Off_A Off_B Off_C OS1
61393,Off_C,A69-1601-62644,5/21/2020 14:39,4202.01,5690.56,7.62,34.405314,-119.557887,2,3.9,1.5,,,,In_C In_D Off_A Off_C Off_D,In_C In_D Off_A Off_D
61395,Off_A,A69-1601-62648,5/21/2020 14:41,3490.89,6126.59,6.4,34.409244,-119.565622,7,14.9,8.8,,,,In_B In_C Off_A Off_B Off_C OS1,In_B In_C Off_B Off_C OS1
61398,Off_E,A69-1601-62004,5/21/2020 14:43,4785.8,5095.55,6.096,34.39995,-119.551538,5,4.4,0.8,,,,In_D In_E Off_C Off_D Off_E OS2 PB,In_D In_E Off_C Off_D OS2
61404,Ref01,A69-1601-65105,5/21/2020 14:46,4717.66,4981.63,9.144,34.398923,-119.552279,5,5.0,3.9,,,,In_B In_C In_D In_E In_F Off_B Off_C Off_D Off_E Off_F OS2 PB,In_F Off_C Off_D Off_E Off_F OS2
61406,In_B,A69-1601-62002,5/21/2020 14:48,4188.08,6253.16,6.096,34.410386,-119.558039,7,3.5,0.3,,,,In_B In_C Off_A Off_B Off_C OS1,In_C Off_A Off_B Off_C OS1
61408,In_F,A69-1601-62000,5/21/2020 14:48,5603.75,4870.18,6.096,34.397918,-119.542642,1,4.4,2.7,,,,CN In_E In_F Off_F,CN In_E Off_F
61410,In_D,A69-1601-62005,5/21/2020 14:49,5025.98,5467.99,6.705,34.403308,-119.548925,6,3.4,2.3,,,,In_D In_E Off_C Off_D Off_E OS2,In_E Off_C Off_D Off_E OS2
61411,Off_C,A69-1601-62644,5/21/2020 14:50,4201.66,5689.76,7.62,34.405307,-119.557891,4,3.3,0.8,,,,In_B In_C Off_B Off_C Off_D,In_B In_C Off_B Off_D
61415,Off_E,A69-1601-62004,5/21/2020 14:53,4784.69,5093.97,6.096,34.399936,-119.55155,1,6.3,2.4,,,,In_E Off_D Off_E OS2,In_E Off_D OS2
61419,Ref01,A69-1601-65105,5/21/2020 14:57,4715.86,4979.35,9.144,34.398903,-119.552298,9,4.3,1.1,,,,In_B In_C In_D In_E In_F Off_B Off_C Off_D OS2,In_D In_E In_F Off_C Off_D OS2
61420,In_B,A69-1601-62002,5/21/2020 14:57,4187.98,6253.14,6.096,34.410385,-119.55804,7,3.5,0.4,,,,In_B In_C Off_A Off_B Off_C OS1,In_C Off_A Off_B Off_C OS1
61424,In_D,A69-1601-62005,5/21/2020 14:58,5027.69,5470.99,6.705,34.403335,-119.548907,7,3.2,5.6,,,,In_C In_D In_E Off_D Off_E OS2,In_C In_E Off_D Off_E OS2
61425,Off_C,A69-1601-62644,5/21/2020 15:00,4202.03,5689.9,7.62,34.405308,-119.557887,2,3.3,0.8,,,,In_C Off_A Off_B Off_C Off_D,In_C Off_A Off_B Off_D
61429,Off_E,A69-1601-62004,5/21/2020 15:04,4785.44,5096.97,6.096,34.399963,-119.551541,9,3.1,0.7,,,,In_D In_E Off_D Off_E Off_F OS2 PB,In_D In_E Off_D Off_F OS2
61435,In_B,A69-1601-62002,5/21/2020 15:08,4188.75,6252.75,6.096,34.410382,-119.558032,4,3.7,0.6,,,,In_B In_C Off_B Off_C OS1,In_C Off_B Off_C OS1
61437,In_D,A69-1601-62005,5/21/2020 15:08,5024.33,5468.51,6.705,34.403312,-119.548943,9,3.3,1.7,,,,In_C In_D In_E Off_D Off_E Off_F OS2,In_E Off_D Off_E Off_F OS2
61438,Ref01,A69-1601-65105,5/21/2020 15:08,4712.95,4989.5,9.144,34.398994,-119.55233,2,13.8,10.9,,,,In_D Off_D Off_E OS2,In_D Off_D Off_E OS2
61439,Off_C,A69-1601-62644,5/21/2020 15:09,4204.15,5690.13,7.62,34.40531,-119.557864,4,3.3,2.3,,,,In_B In_C Off_B Off_C Off_D,In_B In_C Off_B Off_D
61448,Off_E,A69-1601-62004,5/21/2020 15:14,4785.05,5097.94,6.096,34.399972,-119.551546,1,3.9,1.8,,,,In_D Off_D Off_E Off_F,In_D Off_D Off_F
61450,In_B,A69-1601-62002,5/21/2020 15:17,4189.15,6247.22,6.096,34.410332,-119.558027,1,8.3,5.7,,,,In_B In_C Off_B Off_C,In_C Off_B Off_C
61451,Off_C,A69-1601-62644,5/21/2020 15:18,4202.74,5688.2,7.62,34.405293,-119.557879,1,3.7,1.1,,,,In_C Off_B Off_C Off_D,In_C Off_B Off_D
61453,Ref01,A69-1601-65105,5/21/2020 15:19,4715.8,4980.69,9.144,34.398915,-119.552299,6,4.7,2.1,,,,In_C In_D In_E In_F Off_C Off_D Off_E Off_F OS2 PB,In_F Off_C Off_D Off_E Off_F OS2
61463,Off_E,A69-1601-62004,5/21/2020 15:25,4786.12,5096.14,6.096,34.399956,-119.551534,7,3.2,0.7,,,,In_D In_E Off_C Off_D Off_E Off_F OS2 PB,In_D Off_C Off_D Off_F OS2
61466,In_D,A69-1601-62005,5/21/2020 15:27,5026.35,5468.87,6.705,34.403316,-119.548921,3,4.9,3.1,,,,In_D Off_D Off_E Off_F OS2,Off_D Off_E Off_F OS2
61467,Off_C,A69-1601-62644,5/21/2020 15:28,4202.33,5690.03,7.62,34.405309,-119.557884,2,6.5,1.0,,,,In_B In_C Off_A Off_B Off_C,In_B In_C Off_A Off_B
61471,Off_A,A69-1601-62648,5/21/2020 15:30,3486.14,6128.63,6.4,34.409262,-119.565674,5,5.1,4.5,,,,In_A In_B Off_A Off_B Off_C OS1,In_A In_B Off_B Off_C OS1
61472,Ref01,A69-1601-65105,5/21/2020 15:30,4717.59,4981.46,9.144,34.398922,-119.552279,8,3.8,3.8,,,,In_B In_C In_D In_E Off_C Off_D Off_E Off_F OS2 PB,In_D Off_C Off_D Off_E Off_F OS2
61479,Off_E,A69-1601-62004,5/21/2020 15:35,4785.76,5097.53,6.096,34.399968,-119.551538,9,2.8,1.3,,,,In_D In_E Off_D Off_E Off_F PB,In_D In_E Off_D Off_F PB
61481,In_D,A69-1601-62005,5/21/2020 15:37,5023.58,5465.86,6.705,34.403289,-119.548952,6,3.4,1.0,,,,In_C In_D In_E Off_C Off_D Off_E OS2,In_E Off_C Off_D Off_E OS2
61482,In_B,A69-1601-62002,5/21/2020 15:37,4187.66,6252.43,6.096,34.410379,-119.558044,7,3.4,0.7,,,,In_B In_C Off_B Off_C OS1 OS2,In_C Off_B Off_C OS1 OS2
61485,Off_C,A69-1601-62644,5/21/2020 15:38,4202.06,5687.24,7.62,34.405284,-119.557887,2,4.6,1.9,,,,In_B Off_A Off_B Off_C OS2,In_B Off_A Off_B OS2
61488,Ref01,A69-1601-65105,5/21/2020 15:41,4715.8,4982.38,9.144,34.39893,-119.552299,6,4.9,3.7,,,,In_C In_D In_E In_F Off_C Off_D Off_E Off_F OS2 PB,In_F Off_C Off_D Off_E Off_F OS2
61493,Off_E,A69-1601-62004,5/21/2020 15:45,4781.47,5094.66,6.096,34.399942,-119.551585,3,3.2,4.3,,,,In_D Off_D Off_E Off_F PB,In_D Off_D Off_F PB
61497,In_D,A69-1601-62005,5/21/2020 15:47,5022.49,5463.82,6.705,34.40327,-119.548963,2,3.5,3.3,,,,In_C In_D In_E Off_E OS2,In_C In_E Off_E OS2
61499,In_B,A69-1601-62002,5/21/2020 15:47,4187.24,6256.04,6.096,34.410412,-119.558048,3,7.5,3.3,,,,In_B In_C Off_B Off_C Off_D,In_C Off_B Off_C Off_D
61500,Off_C,A69-1601-62644,5/21/2020 15:48,4202.04,5690.37,7.62,34.405312,-119.557887,7,3.2,1.3,,,,In_C In_D Off_B Off_C Off_D OS2,In_C In_D Off_B Off_D OS2
61507,Ref01,A69-1601-65105,5/21/2020 15:52,4714.19,4980.08,9.144,34.398909,-119.552316,9,3.8,1.5,,,,In_D In_E Off_C Off_D Off_E Off_F OS2 PB,In_D Off_C Off_D Off_E Off_F OS2
61512,Off_E,A69-1601-62004,5/21/2020 15:55,4784.59,5099.39,6.096,34.399985,-119.551551,4,3.0,3.3,,,,In_D In_E Off_D Off_E PB,In_D In_E Off_D PB
61514,In_D,A69-1601-62005,5/21/2020 15:56,5024.9,5469.27,6.705,34.403319,-119.548937,5,4.2,2.6,,,,In_C In_D Off_D Off_E Off_F OS2,In_C Off_D Off_E Off_F OS2
61515,Off_C,A69-1601-62644,5/21/2020 15:58,4201.75,5689.29,7.62,34.405302,-119.55789,4,3.3,0.4,,,,In_B In_C Off_B Off_C Off_D,In_B In_C Off_B Off_D
61520,Ref01,A69-1601-65105,5/21/2020 16:03,4716.08,4979.84,9.144,34.398907,-119.552296,8,3.8,1.5,,,,In_C In_D In_E Off_B Off_C Off_D Off_E Off_F OS2 PB,In_D Off_C Off_D Off_E Off_F OS2
61523,Off_E,A69-1601-62004,5/21/2020 16:04,4785.9,5096.01,6.096,34.399954,-119.551536,9,2.8,0.5,,,,In_D In_E Off_D Off_E Off_F PB,In_D In_E Off_D Off_F PB
61526,Off_C,A69-1601-62644,5/21/2020 16:07,4202.22,5689.28,7.62,34.405302,-119.557885,7,3.0,0.2,,,,In_B In_C Off_A Off_B Off_C Off_D,In_B In_C Off_A Off_B Off_D
61529,In_B,A69-1601-62002,5/21/2020 16:09,4187.4,6255.76,6.096,34.410409,-119.558047,3,7.5,3.0,,,,In_B In_C Off_B Off_C Off_D,In_C Off_B Off_C Off_D
61533,Ref01,A69-1601-65105,5/21/2020 16:13,4717.76,4981.26,9.144,34.39892,-119.552277,6,4.7,3.7,,,,In_B In_C In_D In_E In_F Off_C Off_D Off_E Off_F OS2 PB,In_F Off_C Off_D Off_E Off_F OS2
61534,Off_E,A69-1601-62004,5/21/2020 16:13,4784.93,5095.74,6.096,34.399952,-119.551547,1,3.6,0.7,,,,In_E Off_D Off_E PB,In_E Off_D PB
61538,In_D,A69-1601-62005,5/21/2020 16:15,5021.72,5464.44,6.705,34.403276,-119.548972,2,3.7,3.3,,,,In_D In_E Off_C Off_E OS2,In_E Off_C Off_E OS2
61541,Off_C,A69-1601-62644,5/21/2020 16:16,4201.84,5688.86,7.62,34.405299,-119.557889,1,5.5,0.3,,,,In_B In_C Off_C Off_D,In_B In_C Off_D
61545,Off_A,A69-1601-62648,5/21/2020 16:20,3483.1,6127.78,6.4,34.409255,-119.565707,1,6.4,1.6,,,,In_A Off_A Off_B Off_C OS1,In_A Off_B OS1
61550,Off_E,A69-1601-62004,5/21/2020 16:23,4785.84,5095.84,6.096,34.399953,-119.551537,8,2.9,0.6,,,,In_D Off_D Off_E Off_F OS2 PB,In_D Off_D Off_F OS2 PB
61551,Ref01,A69-1601-65105,5/21/2020 16:24,4715.63,4979.52,9.144,34.398904,-119.552301,8,3.8,1.0,,,,In_C In_D In_E Off_B Off_C Off_D Off_E Off_F OS2 PB,In_D Off_C Off_D Off_E Off_F OS2
61554,Off_C,A69-1601-62644,5/21/2020 16:26,4202.06,5689.05,7.62,34.4053,-119.557887,4,3.3,0.1,,,,In_B In_C Off_B Off_C Off_D,In_B In_C Off_B Off_D
61560,In_B,A69-1601-62002,5/21/2020 16:31,4187.92,6253.18,6.096,34.410386,-119.558041,7,3.5,0.4,,,,In_B In_C Off_A Off_B Off_C OS1,In_C Off_A Off_B Off_C OS1
61563,Off_E,A69-1601-62004,5/21/2020 16:32,4784.31,5092.38,6.096,34.399922,-119.551554,4,3.4,4.0,,,,In_D In_E Off_D Off_E Off_F,In_D In_E Off_D Off_F
61566,Ref01,A69-1601-65105,5/21/2020 16:35,4716.35,4980.13,9.144,34.39891,-119.552293,6,4.7,1.9,,,,In_D In_E In_F Off_C Off_D Off_E Off_F OS2 PB,In_F Off_C Off_D Off_E Off_F OS2
61567,Off_C,A69-1601-62644,5/21/2020 16:35,4201.13,5688.34,7.62,34.405294,-119.557897,2,4.0,1.2,,,,In_B Off_A Off_B Off_C Off_D,In_B Off_A Off_B Off_D
61573,Off_A,A69-1601-62648,5/21/2020 16:40,3480.64,6126.26,6.4,34.409241,-119.565734,5,5.2,1.5,,,,In_A In_B Off_A Off_B Off_C OS1,In_A In_B Off_B Off_C OS1
61576,Ref01,A69-1601-65105,5/21/2020 16:46,4716.03,4979.93,9.144,34.398908,-119.552296,6,4.7,1.6,,,,In_D In_E In_F Off_C Off_D Off_E Off_F OS2 PB,In_F Off_C Off_D Off_E Off_F OS2
61577,Off_C,A69-1601-62644,5/21/2020 16:46,4202.33,5688.92,7.62,34.405299,-119.557884,2,3.3,0.3,,,,In_C Off_A Off_B Off_C Off_D,In_C Off_A Off_B Off_D
61579,Off_C,A69-1601-62644,5/21/2020 16:56,4202.05,5689.26,7.62,34.405302,-119.557887,2,3.3,0.2,,,,In_C Off_A Off_B Off_C Off_D,In_C Off_A Off_B Off_D
61580,Ref01,A69-1601-65105,5/21/2020 16:57,4716.38,4979.64,9.144,34.398905,-119.552293,8,3.6,1.7,,,,In_C In_D Off_B Off_C Off_D Off_E OS2 PB,In_D Off_C Off_D Off_E OS2 PB
61583,In_D,A69-1601-62005,5/21/2020 17:03,5027.49,5466.63,6.705,34.403296,-119.548909,1,9.1,3.5,,,,In_D Off_D Off_E OS2,Off_D Off_E OS2
61584,Ref01,A69-1601-65105,5/21/2020 17:08,4715.59,4978.31,9.144,34.398893,-119.552301,9,4.0,0.8,,,,In_D In_E In_F Off_D Off_E Off_F OS2 PB,In_D In_F Off_D Off_E Off_F OS2
61586,In_B,A69-1601-62002,5/21/2020 17:10,4188.58,6252.72,6.096,34.410382,-119.558034,1,5.1,0.4,,,,In_B In_C Off_C OS1,In_C Off_C OS1
61589,In_D,A69-1601-62005,5/21/2020 17:13,5023.96,5465.69,6.705,34.403287,-119.548947,1,5.0,1.1,,,,In_D In_E Off_D OS2,In_E Off_D OS2
61591,Off_E,A69-1601-62004,5/21/2020 17:14,4784.89,5096.12,6.096,34.399956,-119.551547,1,3.5,0.5,,,,In_D Off_D Off_E PB,In_D Off_D PB
61595,In_F,A69-1601-62000,5/21/2020 17:17,5602.84,4868.46,6.096,34.397903,-119.542652,1,5.0,0.8,,,,CN In_E In_F PB,CN In_E PB
61596,Off_C,A69-1601-62644,5/21/2020 17:18,4197.58,5684.56,7.62,34.40526,-119.557935,1,4.7,6.4,,,,In_B Off_B Off_C Off_D,In_B Off_B Off_D
61597,Ref01,A69-1601-65105,5/21/2020 17:19,4716.29,4979.74,9.144,34.398906,-119.552293,6,4.7,1.6,,,,In_B In_D In_E In_F Off_C Off_D Off_E Off_F OS2 PB,In_F Off_C Off_D Off_E Off_F OS2
61598,In_B,A69-1601-62002,5/21/2020 17:19,4186.19,6257.84,6.096,34.410428,-119.55806,1,8.6,5.4,,,,In_B In_C Off_B Off_C,In_C Off_B Off_C
61599,Off_A,A69-1601-62648,5/21/2020 17:19,3485.67,6127.21,6.4,34.409249,-119.565679,1,6.4,3.6,,,,In_A Off_A Off_B Off_C OS1,In_A Off_B OS1
61602,In_D,A69-1601-62005,5/21/2020 17:22,5024.78,5466.65,6.705,34.403296,-119.548938,7,3.1,0.8,,,,In_C In_D In_E Off_D Off_E OS2,In_C In_E Off_D Off_E OS2
61603,Off_E,A69-1601-62004,5/21/2020 17:24,4787.8,5095.22,6.096,34.399947,-119.551516,4,3.3,2.6,,,,In_D In_E Off_D Off_E Off_F,In_D In_E Off_D Off_F
61604,In_B,A69-1601-62002,5/21/2020 17:28,4188.42,6253.37,6.096,34.410387,-119.558035,1,4.3,0.6,,,,In_B In_C Off_B OS1,In_C Off_B OS1
61605,In_F,A69-1601-62000,5/21/2020 17:28,5602.44,4868.71,6.096,34.397905,-119.542656,1,4.3,0.8,,,,CN In_E In_F Off_F,CN In_E Off_F
61606,Off_C,A69-1601-62644,5/21/2020 17:29,4200.88,5687.89,7.62,34.40529,-119.557899,4,3.3,1.7,,,,In_C Off_B Off_C Off_D OS2,In_C Off_B Off_D OS2
61608,Ref01,A69-1601-65105,5/21/2020 17:29,4715.72,4979.59,9.144,34.398905,-119.5523,11,3.7,1.1,,,,In_D In_E Off_D Off_E Off_F OS2 PB,In_D In_E Off_D Off_E Off_F OS2
61610,In_D,A69-1601-62005,5/21/2020 17:32,5025.74,5466.88,6.705,34.403298,-119.548928,1,4.0,1.8,,,,In_D In_E Off_E OS2,In_E Off_E OS2
61612,Off_E,A69-1601-62004,5/21/2020 17:34,4784.63,5095.31,6.096,34.399948,-119.55155,1,3.6,1.2,,,,In_E Off_D Off_E PB,In_E Off_D PB
61616,Ref01,A69-1601-65105,5/21/2020 17:39,4716.61,4980.74,9.144,34.398915,-119.55229,8,3.8,2.6,,,,In_D In_E Off_C Off_D Off_E Off_F OS2 PB,In_D Off_C Off_D Off_E Off_F OS2
61620,Ref01,A69-1601-65105,5/21/2020 17:48,4716.75,4980.66,9.144,34.398915,-119.552288,9,4.0,2.6,,,,In_D In_E In_F Off_D Off_E Off_F OS2 PB,In_D In_F Off_D Off_E Off_F OS2
61621,Off_C,A69-1601-62644,5/21/2020 17:49,4201.26,5689.31,7.62,34.405303,-119.557895,7,3.0,0.9,,,,In_B In_C Off_A Off_B Off_C Off_D,In_B In_C Off_A Off_B Off_D
61622,Off_A,A69-1601-62648,5/21/2020 17:49,3481.14,6125.77,6.4,34.409236,-119.565728,1,6.4,1.3,,,,In_A Off_A Off_B OS1,In_A Off_B OS1
61626,Off_E,A69-1601-62004,5/21/2020 17:55,4785.84,5096.62,6.096,34.39996,-119.551537,9,2.8,0.6,,,,In_D In_E Off_D Off_E Off_F PB,In_D In_E Off_D Off_F PB
61627,In_B,A69-1601-62002,5/21/2020 17:55,4188.28,6252.55,6.096,34.41038,-119.558037,1,4.3,0.3,,,,In_B In_C Off_B OS1,In_C Off_B OS1
61629,Ref01,A69-1601-65105,5/21/2020 17:57,4716.32,4979.97,9.144,34.398908,-119.552293,11,3.7,1.8,,,,In_D In_E Off_D Off_E Off_F OS2 PB,In_D In_E Off_D Off_E Off_F OS2
61632,Off_C,A69-1601-62644,5/21/2020 18:00,4201.25,5689.53,7.62,34.405305,-119.557895,4,3.3,1.0,,,,In_B In_C Off_B Off_C Off_D,In_B In_C Off_B Off_D
61633,Off_A,A69-1601-62648,5/21/2020 18:00,3483.07,6126.44,6.4,34.409242,-119.565707,1,6.4,1.0,,,,In_A Off_A Off_B Off_C OS1,In_A Off_B OS1
61637,In_D,A69-1601-62005,5/21/2020 18:03,5022.95,5467.28,6.705,34.403301,-119.548958,1,4.0,1.1,,,,In_D In_E Off_E OS2,In_E Off_E OS2
61639,In_B,A69-1601-62002,5/21/2020 18:05,4188.07,6253.78,6.096,34.410391,-119.558039,7,3.5,0.9,,,,In_B In_C Off_A Off_B Off_C OS1,In_C Off_A Off_B Off_C OS1
61640,Off_E,A69-1601-62004,5/21/2020 18:05,4789.79,5095.68,6.096,34.399951,-119.551494,9,2.8,4.4,,,,In_D In_E Off_D Off_E Off_F PB,In_D In_E Off_D Off_F PB
61641,Ref01,A69-1601-65105,5/21/2020 18:07,4715.54,4979.53,9.144,34.398904,-119.552302,10,3.9,0.9,,,,In_C In_D In_E In_F Off_D Off_E Off_F PB,In_D In_E In_F Off_D Off_E Off_F
61644,Off_C,A69-1601-62644,5/21/2020 18:10,4202.17,5689.86,7.62,34.405308,-119.557885,7,3.0,0.8,,,,In_B In_C Off_A Off_B Off_C Off_D,In_B In_C Off_A Off_B Off_D
61647,In_D,A69-1601-62005,5/21/2020 18:14,5023.4,5465.86,6.705,34.403289,-119.548953,1,4.0,1.1,,,,In_D In_E Off_E OS2,In_E Off_E OS2
61648,In_B,A69-1601-62002,5/21/2020 18:14,4189.72,6259.61,6.096,34.410444,-119.558021,2,5.6,6.9,,,,In_B In_C Off_A Off_B Off_C,In_C Off_A Off_B Off_C
61649,Off_E,A69-1601-62004,5/21/2020 18:15,4787.89,5096.56,6.096,34.399959,-119.551515,3,3.3,2.5,,,,In_E Off_D Off_E Off_F PB,In_E Off_D Off_F PB
61650,Ref01,A69-1601-65105,5/21/2020 18:16,4715.3,4978.79,9.144,34.398898,-119.552304,6,4.7,0.3,,,,In_E In_F Off_C Off_D Off_E Off_F OS2 PB,In_F Off_C Off_D Off_E Off_F OS2
61653,Off_C,A69-1601-62644,5/21/2020 18:20,4202.85,5691.25,7.62,34.40532,-119.557878,1,4.9,2.3,,,,Off_B Off_C Off_D OS2,Off_B Off_D OS2
61655,Off_A,A69-1601-62648,5/21/2020 18:20,3482.75,6126.48,6.4,34.409243,-119.565711,3,5.7,0.7,,,,In_A In_B Off_A Off_B OS1,In_A In_B Off_B OS1
61656,In_D,A69-1601-62005,5/21/2020 18:24,5024.47,5467.09,6.705,34.4033,-119.548942,1,4.0,0.6,,,,In_D In_E Off_E OS2,In_E Off_E OS2
61657,Ref01,A69-1601-65105,5/21/2020 18:26,4715.82,4979.2,9.144,34.398901,-119.552299,6,4.6,1.0,,,,In_D In_E In_F Off_C Off_D Off_E Off_F OS2 PB,In_F Off_C Off_D Off_E Off_F OS2
61658,Off_C,A69-1601-62644,5/21/2020 18:30,4203.6,5693.15,7.62,34.405337,-119.55787,1,4.9,4.3,,,,Off_B Off_C Off_D OS2,Off_B Off_D OS2
61660,Off_E,A69-1601-62004,5/21/2020 18:35,4785.69,5095.29,6.096,34.399948,-119.551539,9,2.8,1.0,,,,In_D In_E Off_D Off_E Off_F PB,In_D In_E Off_D Off_F PB
61661,Ref01,A69-1601-65105,5/21/2020 18:36,4714.71,4978.57,9.144,34.398896,-119.552311,6,4.7,0.3,,,,In_C In_D In_F Off_C Off_D Off_E Off_F OS2 PB,In_F Off_C Off_D Off_E Off_F OS2
61664,Off_C,A69-1601-62644,5/21/2020 18:40,4205.32,5695.46,7.62,34.405358,-119.557851,1,4.9,7.1,,,,Off_B Off_C Off_D OS2,Off_B Off_D OS2
61669,In_B,A69-1601-62002,5/21/2020 18:45,4186.99,6249.6,6.096,34.410354,-119.558051,1,8.3,3.5,,,,In_B In_C Off_B Off_C,In_C Off_B Off_C
61670,Off_E,A69-1601-62004,5/21/2020 18:45,4786.81,5095.31,6.096,34.399948,-119.551527,4,4.6,1.7,,,,In_D In_E Off_E Off_F PB,In_D In_E Off_F PB
61671,Ref01,A69-1601-65105,5/21/2020 18:45,4715.03,4978.0,9.144,34.398891,-119.552307,9,3.8,0.8,,,,In_D In_E Off_B Off_C Off_D Off_E Off_F OS2 PB,In_E Off_C Off_D Off_E Off_F OS2
61675,Off_E,A69-1601-62004,5/21/2020 18:55,4786.4,5095.92,6.096,34.399954,-119.551531,1,7.5,1.0,,,,In_D In_E Off_E Off_F,In_D In_E Off_F
61676,Ref01,A69-1601-65105,5/21/2020 18:55,4716.73,4979.31,9.144,34.398902,-119.552289,9,5.6,1.9,,,,In_E In_F Off_E Off_F PB,In_E In_F Off_E Off_F PB
61680,Off_A,A69-1601-62648,5/21/2020 19:01,3482.64,6125.37,6.4,34.409233,-119.565712,1,6.4,1.3,,,,In_A Off_A Off_B OS1,In_A Off_B OS1
61682,Off_E,A69-1601-62004,5/21/2020 19:04,4786.8,5096.12,6.096,34.399955,-119.551527,4,3.1,1.4,,,,In_E Off_D Off_E OS2 PB,In_E Off_D OS2 PB
61683,Ref01,A69-1601-65105,5/21/2020 19:06,4715.32,4979.1,9.144,34.398901,-119.552304,10,4.1,0.5,,,,In_D In_E In_F Off_D Off_E Off_F OS2 PB,In_E In_F Off_D Off_E Off_F OS2
61685,In_D,A69-1601-62005,5/21/2020 19:06,5023.23,5465.55,6.705,34.403286,-119.548955,2,4.1,1.5,,,,In_C In_D In_E Off_D OS2,In_C In_E Off_D OS2
61691,Off_E,A69-1601-62004,5/21/2020 19:15,4785.49,5095.35,6.096,34.399948,-119.551541,3,3.3,0.9,,,,In_E Off_D Off_E Off_F PB,In_E Off_D Off_F PB
61692,Ref01,A69-1601-65105,5/21/2020 19:15,4715.2,4978.89,9.144,34.398899,-119.552305,3,6.4,0.3,,,,In_E Off_E Off_F PB,In_E Off_E Off_F PB
61696,Off_C,A69-1601-62644,5/21/2020 19:22,4202.68,5688.71,7.62,34.405297,-119.55788,3,4.4,0.7,,,,In_B In_C Off_C Off_D OS2,In_B In_C Off_D OS2
61698,In_B,A69-1601-62002,5/21/2020 19:24,4188.17,6253.58,6.096,34.410389,-119.558038,1,4.3,0.7,,,,In_B In_C Off_B OS1,In_C Off_B OS1
61702,Off_E,A69-1601-62004,5/21/2020 19:26,4785.85,5095.44,6.096,34.399949,-119.551537,8,2.9,0.9,,,,In_D Off_D Off_E Off_F OS2 PB,In_D Off_D Off_F OS2 PB
61703,Ref01,A69-1601-65105,5/21/2020 19:26,4715.76,4979.44,9.144,34.398904,-119.552299,9,3.8,1.0,,,,In_D In_E Off_C Off_D Off_E Off_F OS2 PB,In_E Off_C Off_D Off_E Off_F OS2
61709,In_D,A69-1601-62005,5/21/2020 19:35,5025.85,5466.01,6.705,34.40329,-119.548927,1,9.0,2.0,,,,In_D Off_D Off_E OS2,Off_D Off_E OS2
61710,Ref01,A69-1601-65105,5/21/2020 19:36,4715.49,4979.42,9.144,34.398903,-119.552302,10,4.1,0.8,,,,In_D In_E In_F Off_D Off_E Off_F OS2 PB,In_E In_F Off_D Off_E Off_F OS2
61719,Ref01,A69-1601-65105,5/21/2020 19:46,4715.52,4979.62,9.144,34.398905,-119.552302,5,4.2,1.0,,,,In_C In_E Off_C Off_D Off_F,In_C In_E Off_C Off_D Off_F
61725,Off_C,A69-1601-62644,5/21/2020 19:52,4202.66,5686.97,7.62,34.405282,-119.55788,1,3.7,2.2,,,,In_C Off_B Off_C Off_D,In_C Off_B Off_D
61727,Ref01,A69-1601-65105,5/21/2020 19:55,4715.37,4979.37,9.144,34.398903,-119.552303,9,3.8,0.7,,,,In_D In_E Off_C Off_D Off_E Off_F OS2 PB,In_E Off_C Off_D Off_E Off_F OS2
61728,Off_E,A69-1601-62004,5/21/2020 19:55,4786.38,5094.35,6.096,34.39994,-119.551531,3,3.1,2.1,,,,In_D Off_D Off_E Off_F PB,In_D Off_D Off_F PB
61735,Off_C,A69-1601-62644,5/21/2020 20:02,4202.14,5687.21,7.62,34.405284,-119.557886,1,3.7,1.9,,,,In_C Off_B Off_C Off_D,In_C Off_B Off_D
61737,In_B,A69-1601-62002,5/21/2020 20:04,4188.43,6253.52,6.096,34.410389,-119.558035,4,3.6,0.7,,,,In_B In_C Off_B Off_C OS1,In_C Off_B Off_C OS1
61747,Ref01,A69-1601-65105,5/21/2020 20:14,4715.81,4979.47,9.144,34.398904,-119.552299,6,4.6,1.1,,,,In_C In_D In_E In_F Off_C Off_D Off_E Off_F OS2 PB,In_F Off_C Off_D Off_E Off_F OS2
61748,Off_E,A69-1601-62004,5/21/2020 20:15,4777.91,5098.53,6.096,34.399977,-119.551623,1,13.3,7.9,,,,In_E Off_E Off_F PB,In_E Off_F PB
61752,Off_C,A69-1601-62644,5/21/2020 20:23,4202.99,5687.65,7.62,34.405288,-119.557876,1,8.3,1.7,,,,In_B In_C Off_B Off_C,In_B In_C Off_B
61753,Ref01,A69-1601-65105,5/21/2020 20:23,4715.7,4979.03,9.144,34.3989,-119.5523,9,3.8,0.8,,,,In_C In_D In_E Off_C Off_D Off_E Off_F OS2 PB,In_E Off_C Off_D Off_E Off_F OS2
61756,In_B,A69-1601-62002,5/21/2020 20:25,4188.51,6251.96,6.096,34.410375,-119.558035,1,4.3,0.9,,,,In_B In_C Off_B OS1,In_C Off_B OS1
61758,In_D,A69-1601-62005,5/21/2020 20:26,5024.93,5466.14,6.705,34.403291,-119.548937,1,9.0,1.2,,,,In_D Off_D Off_E OS2,Off_D Off_E OS2
61765,Off_C,A69-1601-62644,5/21/2020 20:34,4201.33,5687.29,7.62,34.405284,-119.557894,1,3.7,2.0,,,,In_C Off_B Off_C Off_D,In_C Off_B Off_D
61767,Off_E,A69-1601-62004,5/21/2020 20:35,4786.04,5094.99,6.096,34.399945,-119.551535,1,5.7,1.4,,,,In_D In_E Off_E PB,In_D In_E PB
61780,Ref01,A69-1601-65105,5/21/2020 20:42,4716.14,4979.75,9.144,34.398906,-119.552295,9,3.8,1.5,,,,In_C In_D In_E Off_C Off_D Off_E Off_F OS2 PB,In_E Off_C Off_D Off_E Off_F OS2
61783,Off_E,A69-1601-62004,5/21/2020 20:44,4779.43,5095.23,6.096,34.399947,-119.551607,3,3.8,6.1,,,,In_D In_E Off_E OS2 PB,In_D In_E OS2 PB
61785,Off_C,A69-1601-62644,5/21/2020 20:45,4201.99,5687.27,7.62,34.405284,-119.557887,4,3.3,1.8,,,,In_C Off_B Off_C Off_D OS2,In_C Off_B Off_D OS2
61790,In_D,A69-1601-62005,5/21/2020 20:47,5024.35,5467.21,6.705,34.403301,-119.548943,2,3.7,0.6,,,,In_D In_E Off_C Off_E OS2,In_E Off_C Off_E OS2
61794,Ref01,A69-1601-65105,5/21/2020 20:52,4716.23,4979.41,9.144,34.398903,-119.552294,10,3.8,1.4,,,,In_D In_E In_F Off_D Off_E Off_F PB,In_D In_E In_F Off_D Off_E Off_F
61797,Off_E,A69-1601-62004,5/21/2020 20:54,4785.83,5096.29,6.096,34.399957,-119.551537,1,3.5,0.4,,,,In_D Off_D Off_E PB,In_D Off_D PB
61799,Off_C,A69-1601-62644,5/21/2020 20:56,4201.58,5687.75,7.62,34.405289,-119.557892,1,3.7,1.4,,,,In_C Off_B Off_C Off_D,In_C Off_B Off_D
61801,In_D,A69-1601-62005,5/21/2020 20:57,5023.83,5467.37,6.705,34.403302,-119.548949,1,4.0,0.6,,,,In_D In_E Off_E OS2,In_E Off_E OS2
61805,Ref01,A69-1601-65105,5/21/2020 21:02,4715.58,4979.27,9.144,34.398902,-119.552301,6,4.6,0.8,,,,In_C In_D In_E In_F Off_C Off_D Off_E Off_F OS2 PB,In_F Off_C Off_D Off_E Off_F OS2
61808,Off_E,A69-1601-62004,5/21/2020 21:04,4786.2,5095.72,6.096,34.399952,-119.551533,9,2.8,0.9,,,,In_D In_E Off_D Off_E Off_F PB,In_D In_E Off_D Off_F PB
61809,In_B,A69-1601-62002,5/21/2020 21:04,4188.46,6252.59,6.096,34.41038,-119.558035,1,4.3,0.4,,,,In_B In_C Off_B OS1,In_C Off_B OS1
61811,Off_C,A69-1601-62644,5/21/2020 21:07,4202.1,5688.64,7.62,34.405297,-119.557886,1,5.2,0.5,,,,In_C Off_B Off_C OS2,In_C Off_B OS2
61812,In_D,A69-1601-62005,5/21/2020 21:07,5024.12,5467.21,6.705,34.403301,-119.548946,1,4.0,0.4,,,,In_D In_E Off_E OS2,In_E Off_E OS2
61815,Ref01,A69-1601-65105,5/21/2020 21:11,4715.38,4979.34,9.144,34.398903,-119.552303,9,3.8,0.7,,,,In_D In_E Off_C Off_D Off_E Off_F OS2 PB,In_E Off_C Off_D Off_E Off_F OS2
61817,Off_A,A69-1601-62648,5/21/2020 21:14,3482.07,6126.92,6.4,34.409247,-119.565718,1,6.4,0.3,,,,In_A Off_A Off_B OS1,In_A Off_B OS1
61819,In_B,A69-1601-62002,5/21/2020 21:15,4187.53,6252.46,6.096,34.410379,-119.558045,1,4.3,0.8,,,,In_B In_C Off_B OS1,In_C Off_B OS1
61822,Ref01,A69-1601-65105,5/21/2020 21:21,4715.43,4978.82,9.144,34.398898,-119.552303,6,4.5,0.5,,,,In_E In_F Off_C Off_D Off_E Off_F PB,In_E In_F Off_C Off_D Off_E Off_F
61823,Off_E,A69-1601-62004,5/21/2020 21:23,4788.01,5095.54,6.096,34.39995,-119.551513,4,4.5,2.7,,,,In_D In_E Off_E Off_F PB,In_D In_E Off_F PB
61824,Off_A,A69-1601-62648,5/21/2020 21:24,3482.38,6127.3,6.4,34.40925,-119.565715,1,6.4,0.8,,,,In_A Off_A Off_B OS1,In_A Off_B OS1
61826,In_D,A69-1601-62005,5/21/2020 21:27,5024.35,5466.28,6.705,34.403292,-119.548943,4,3.9,0.6,,,,In_D In_F Off_C Off_D Off_E OS2,In_F Off_C Off_D Off_E OS2
61829,Off_C,A69-1601-62644,5/21/2020 21:28,4200.86,5688.74,7.62,34.405298,-119.5579,1,3.7,1.3,,,,In_C Off_B Off_C Off_D,In_C Off_B Off_D
61832,Ref01,A69-1601-65105,5/21/2020 21:30,4715.31,4979.22,9.144,34.398902,-119.552304,8,3.6,0.6,,,,In_C In_D In_E Off_C Off_D Off_E Off_F PB,In_D In_E Off_C Off_D Off_E Off_F
61833,Off_E,A69-1601-62004,5/21/2020 21:33,4781.82,5095.93,6.096,34.399954,-119.551581,1,3.8,3.6,,,,In_D Off_D Off_E Off_F,In_D Off_D Off_F
61835,Off_A,A69-1601-62648,5/21/2020 21:34,3480.4,6124.69,6.4,34.409227,-119.565736,1,6.4,2.6,,,,In_A Off_A Off_B OS1,In_A Off_B OS1
61836,In_B,A69-1601-62002,5/21/2020 21:35,4188.21,6253.54,6.096,34.410389,-119.558038,1,5.0,0.7,,,,In_B In_C Off_C OS1,In_C Off_C OS1
61840,In_D,A69-1601-62005,5/21/2020 21:37,5025.29,5469.77,6.705,34.403324,-119.548933,1,5.0,3.3,,,,In_D In_E Off_D OS2,In_E Off_D OS2
61842,Ref01,A69-1601-65105,5/21/2020 21:41,4712.65,4978.42,9.144,34.398894,-119.552333,11,3.7,2.3,,,,In_C In_D In_E Off_D Off_E Off_F OS2 PB,In_D In_E Off_D Off_E Off_F OS2
61844,Off_E,A69-1601-62004,5/21/2020 21:43,4784.88,5095.64,6.096,34.399951,-119.551548,3,4.4,0.8,,,,In_D Off_E Off_F OS2 PB,In_D Off_F OS2 PB
61848,Off_C,A69-1601-62644,5/21/2020 21:48,4202.49,5690.06,7.62,34.405309,-119.557882,1,3.7,1.0,,,,In_C Off_B Off_C Off_D,In_C Off_B Off_D
61853,Ref01,A69-1601-65105,5/21/2020 21:51,4713.17,4978.08,9.144,34.398891,-119.552327,6,4.6,1.9,,,,In_D In_F Off_C Off_D Off_E Off_F OS2 PB,In_F Off_C Off_D Off_E Off_F OS2
61858,Off_E,A69-1601-62004,5/21/2020 21:54,4781.42,5095.65,6.096,34.399951,-119.551585,1,3.5,4.0,,,,In_D Off_D Off_E PB,In_D Off_D PB
61862,In_D,A69-1601-62005,5/21/2020 21:56,5023.1,5466.75,6.705,34.403297,-119.548957,7,3.1,0.9,,,,In_C In_D In_E Off_D Off_E OS2,In_C In_E Off_D Off_E OS2
61867,Off_C,A69-1601-62644,5/21/2020 21:59,4202.33,5691.65,7.62,34.405324,-119.557884,7,3.0,2.6,,,,In_C Off_A Off_B Off_C Off_D OS2,In_C Off_A Off_B Off_D OS2
61870,Ref01,A69-1601-65105,5/21/2020 22:01,4713.39,4978.62,9.144,34.398896,-119.552325,10,3.8,1.6,,,,In_D In_E Off_C Off_D Off_E Off_F OS2 PB,In_E Off_C Off_D Off_E Off_F OS2
61878,In_A,A69-1601-62649,5/21/2020 22:05,3499.08,6582.64,3.657,34.413355,-119.565534,1,22.6,15.1,,,,In_A Off_A Off_B OS1,Off_A Off_B OS1
61880,Off_E,A69-1601-62004,5/21/2020 22:05,4786.3,5099.71,6.096,34.399988,-119.551532,8,2.9,3.6,,,,In_E Off_D Off_E Off_F OS2 PB,In_E Off_D Off_F OS2 PB
61890,In_D,A69-1601-62005,5/21/2020 22:15,5024.05,5466.97,6.705,34.403299,-119.548946,1,4.0,0.2,,,,In_D In_E Off_E OS2,In_E Off_E OS2
61891,Off_E,A69-1601-62004,5/21/2020 22:16,4786.47,5099.47,6.096,34.399986,-119.55153,3,3.3,3.4,,,,In_E Off_D Off_E Off_F PB,In_E Off_D Off_F PB
61892,Off_A,A69-1601-62648,5/21/2020 22:17,3483.33,6126.7,6.4,34.409245,-119.565704,1,6.3,1.2,,,,In_A Off_A Off_B OS1,In_A Off_B OS1
61895,Off_C,A69-1601-62644,5/21/2020 22:20,4202.35,5688.94,7.62,34.405299,-119.557883,1,8.3,0.3,,,,In_B In_C Off_B Off_C,In_B In_C Off_B
61898,Ref01,A69-1601-65105,5/21/2020 22:21,4712.97,4978.06,9.144,34.398891,-119.55233,6,4.6,2.1,,,,In_D In_E In_F Off_C Off_D Off_E Off_F OS2 PB,In_F Off_C Off_D Off_E Off_F OS2
61906,In_D,A69-1601-62005,5/21/2020 22:25,5024.11,5466.88,6.705,34.403298,-119.548946,8,3.2,0.2,,,,In_D In_E Off_D Off_E OS2 PB,In_E Off_D Off_E OS2 PB
61910,Off_E,A69-1601-62004,5/21/2020 22:27,4779.64,5094.46,6.096,34.399941,-119.551605,1,3.5,6.0,,,,In_D Off_D Off_E PB,In_D Off_D PB
61917,Off_C,A69-1601-62644,5/21/2020 22:30,4202.25,5689.41,7.62,34.405303,-119.557884,1,8.2,0.3,,,,In_B In_C Off_B Off_C,In_B In_C Off_B
61919,Ref01,A69-1601-65105,5/21/2020 22:31,4712.87,4978.81,9.144,34.398898,-119.552331,7,4.6,2.1,,,,In_D In_E In_F Off_C Off_D Off_E Off_F OS2 PB,In_F Off_C Off_D Off_E Off_F OS2
61935,Ref01,A69-1601-65105,5/21/2020 22:41,4714.36,4980.35,9.144,34.398912,-119.552314,11,3.7,1.7,,,,In_D In_E Off_D Off_E Off_F OS2 PB,In_D In_E Off_D Off_E Off_F OS2
61938,In_B,A69-1601-62002,5/21/2020 22:44,4189.14,6255.53,6.096,34.410407,-119.558028,1,8.4,2.8,,,,In_B In_C Off_B Off_C,In_C Off_B Off_C
61942,Off_E,A69-1601-62004,5/21/2020 22:47,4786.0,5097.94,6.096,34.399972,-119.551535,4,3.1,1.8,,,,In_E Off_D Off_E OS2 PB,In_E Off_D OS2 PB
61947,Off_C,A69-1601-62644,5/21/2020 22:51,4202.21,5689.66,7.62,34.405306,-119.557885,4,3.3,0.6,,,,In_C Off_B Off_C Off_D OS2,In_C Off_B Off_D OS2
61949,Ref01,A69-1601-65105,5/21/2020 22:51,4714.82,4978.66,9.144,34.398897,-119.552309,9,3.8,0.2,,,,In_D In_E Off_C Off_D Off_E Off_F OS2 PB,In_E Off_C Off_D Off_E Off_F OS2
61950,In_D,A69-1601-62005,5/21/2020 22:54,5023.61,5466.2,6.705,34.403292,-119.548951,4,3.5,0.7,,,,In_D In_E Off_D Off_E OS2,In_E Off_D Off_E OS2
61953,Off_E,A69-1601-62004,5/21/2020 22:57,4785.89,5096.85,6.096,34.399962,-119.551537,9,3.0,0.8,,,,In_D In_E Off_D Off_E Off_F OS2 PB,In_D In_E Off_D Off_F OS2
61954,Off_C,A69-1601-62644,5/21/2020 23:01,4203.51,5692.16,7.62,34.405328,-119.557871,1,8.1,3.4,,,,In_B In_C Off_B Off_C,In_B In_C Off_B
61958,Ref01,A69-1601-65105,5/21/2020 23:02,4714.8,4978.73,9.144,34.398897,-119.55231,7,5.3,0.2,,,,In_D In_E Off_C Off_D Off_E OS2,In_D In_E Off_C Off_D Off_E OS2
61960,In_D,A69-1601-62005,5/21/2020 23:05,5024.17,5466.77,6.705,34.403297,-119.548945,1,4.0,0.2,,,,In_D In_E Off_E OS2,In_E Off_E OS2
61964,Off_E,A69-1601-62004,5/21/2020 23:06,4784.49,5095.36,6.096,34.399949,-119.551552,1,4.7,1.3,,,,Off_D Off_E OS2 PB,Off_D OS2 PB
61966,Off_G,A69-1601-62001,5/21/2020 23:09,5386.71,4476.26,7.62,34.394368,-119.545003,1,14.9,6.0,,,,In_E In_F Off_F Off_G,In_E In_F Off_F
61967,Off_A,A69-1601-62648,5/21/2020 23:09,3477.87,6123.2,6.4,34.409213,-119.565764,1,8.9,5.4,,,,In_A In_B Off_A Off_B,In_A In_B Off_B
61970,Off_C,A69-1601-62644,5/21/2020 23:11,4201.63,5688.44,7.62,34.405295,-119.557891,1,3.7,0.8,,,,In_C Off_B Off_C Off_D,In_C Off_B Off_D
61972,Ref01,A69-1601-65105,5/21/2020 23:13,4715.54,4979.45,9.144,34.398904,-119.552302,7,3.6,0.9,,,,In_D Off_C Off_D OS2 PB,In_D Off_C Off_D OS2 PB
61977,In_D,A69-1601-62005,5/21/2020 23:15,5024.26,5466.87,6.705,34.403298,-119.548944,2,3.5,0.3,,,,In_C In_D In_E Off_E OS2,In_C In_E Off_E OS2
61979,Off_E,A69-1601-62004,5/21/2020 23:16,4785.24,5096.22,6.096,34.399956,-119.551544,4,3.0,0.2,,,,In_D In_E Off_D Off_E PB,In_D In_E Off_D PB
61990,Ref01,A69-1601-65105,5/21/2020 23:24,4715.43,4979.24,9.144,34.398902,-119.552303,10,4.1,0.7,,,,In_E In_F Off_D Off_E Off_F OS2 PB,In_E In_F Off_D Off_E Off_F OS2
61995,In_D,A69-1601-62005,5/21/2020 23:26,5025.98,5466.25,6.705,34.403292,-119.548925,1,9.0,2.1,,,,In_D Off_D Off_E OS2,Off_D Off_E OS2
61996,Off_E,A69-1601-62004,5/21/2020 23:26,4785.33,5095.9,6.096,34.399953,-119.551543,1,4.5,0.3,,,,In_E Off_D Off_E Off_F,In_E Off_D Off_F
62001,Off_A,A69-1601-62648,5/21/2020 23:30,3480.37,6125.3,6.4,34.409232,-119.565737,1,6.4,2.2,,,,In_A Off_A Off_B OS1,In_A Off_B OS1
62003,Off_C,A69-1601-62644,5/21/2020 23:30,4201.79,5688.87,7.62,34.405299,-119.55789,1,3.7,0.4,,,,In_C Off_B Off_C Off_D,In_C Off_B Off_D
62007,Ref01,A69-1601-65105,5/21/2020 23:34,4714.61,4978.76,9.144,34.398897,-119.552312,3,9.3,0.3,,,,In_F Off_E Off_F PB,In_F Off_E Off_F PB
62012,Off_E,A69-1601-62004,5/21/2020 23:35,4785.55,5096.38,6.096,34.399958,-119.55154,4,3.0,0.2,,,,In_D In_E Off_D Off_E PB,In_D In_E Off_D PB
62026,Ref01,A69-1601-65105,5/21/2020 23:43,4714.81,4978.5,9.144,34.398895,-119.55231,9,3.8,0.3,,,,In_C In_D In_E Off_C Off_D Off_E Off_F OS2 PB,In_E Off_C Off_D Off_E Off_F OS2
62038,Ref01,A69-1601-65105,5/21/2020 23:52,4715.0,4979.06,9.144,34.3989,-119.552308,6,4.6,0.3,,,,In_D In_E In_F Off_C Off_D Off_E Off_F OS2 PB,In_F Off_C Off_D Off_E Off_F OS2
62041,Off_E,A69-1601-62004,5/21/2020 23:54,4785.37,5094.15,6.096,34.399938,-119.551542,1,4.7,2.1,,,,Off_D Off_E OS2 PB,Off_D OS2 PB
62042,In_D,A69-1601-62005,5/21/2020 23:55,5024.29,5466.49,6.705,34.403294,-119.548944,7,3.1,0.4,,,,In_C In_D In_E Off_D Off_E OS2,In_C In_E Off_D Off_E OS2
